Scientific_Name,Common_Name,Locality,Latitude,Longitude,Date,mediaDownloadUrl
Anas poecilorhyncha,Indian Spot-billed Duck,Bhigwan -- Kumbhargaon Bird Sanctuary,18.2887,74.776,15/03/2020,https://cdn.download.ams.birds.cornell.edu/api/v1/asset/
Anas poecilorhyncha,Indian Spot-billed Duck,"Salim Ali Lake, Aurangabad",19.8987,75.3436,31/01/2017,https://cdn.download.ams.birds.cornell.edu/api/v1/asset/
Anas poecilorhyncha,Indian Spot-billed Duck,Khadakwasla Dam,18.4295,73.758,17/02/2018,https://cdn.download.ams.birds.cornell.edu/api/v1/asset/
Anas poecilorhyncha,Indian Spot-billed Duck,Kapurwadi lake,19.1168,74.7798,18/02/2018,https://cdn.download.ams.birds.cornell.edu/api/v1/asset/
Anas poecilorhyncha,Indian Spot-billed Duck,"Pashan Lake, Pune",18.5318,73.7854,04/02/2018,https://cdn.download.ams.birds.cornell.edu/api/v1/asset/
Anas poecilorhyncha,Indian Spot-billed Duck,Veer Dam,18.1184,74.0842,24/03/2018,https://cdn.download.ams.birds.cornell.edu/api/v1/asset/
Anas poecilorhyncha,Indian Spot-billed Duck,"Ambazari Lake, Nagpur",21.1292,79.0329,26/06/2017,https://cdn.download.ams.birds.cornell.edu/api/v1/asset/
Anas poecilorhyncha,Indian Spot-billed Duck,Indian Institute of Technology (IIT) Bombay,19.1279,72.9136,12/11/2017,https://cdn.download.ams.birds.cornell.edu/api/v1/asset/
Anas poecilorhyncha,Indian Spot-billed Duck,Manora Reservoir,19.8889,79.4918,16/01/2017,https://cdn.download.ams.birds.cornell.edu/api/v1/asset/
Anas poecilorhyncha,Indian Spot-billed Duck,Maruti Chitampalli Bird Park,21.1336,79.0177,15/05/2016,https://cdn.download.ams.birds.cornell.edu/api/v1/asset/
Anas poecilorhyncha,Indian Spot-billed Duck,"Ambazari Lake, Nagpur",21.1292,79.0329,24/01/2016,https://cdn.download.ams.birds.cornell.edu/api/v1/asset/
Anas poecilorhyncha,Indian Spot-billed Duck,Khadakwasla Dam,18.4295,73.758,17/02/2018,https://cdn.download.ams.birds.cornell.edu/api/v1/asset/
Anas poecilorhyncha,Indian Spot-billed Duck,"Ambazari Lake, Nagpur",21.1292,79.0329,14/01/2018,https://cdn.download.ams.birds.cornell.edu/api/v1/asset/
Anas poecilorhyncha,Indian Spot-billed Duck,"Ambazari Lake, Nagpur",21.1292,79.0329,20/12/2017,https://cdn.download.ams.birds.cornell.edu/api/v1/asset/
Anas poecilorhyncha,Indian Spot-billed Duck,Kapurwadi lake,19.1168,74.7798,11/02/2017,https://cdn.download.ams.birds.cornell.edu/api/v1/asset/
Anas poecilorhyncha,Indian Spot-billed Duck,Kavdi Pat,18.5054,74.0006,13/05/2017,https://cdn.download.ams.birds.cornell.edu/api/v1/asset/
Anas poecilorhyncha,Indian Spot-billed Duck,Tapti River--behind BTPS,21.0602,75.8353,17/05/2019,https://cdn.download.ams.birds.cornell.edu/api/v1/asset/
Anas poecilorhyncha,Indian Spot-billed Duck,Kmbhargaon,18.2717,74.7984,07/01/2018,https://cdn.download.ams.birds.cornell.edu/api/v1/asset/
Anas poecilorhyncha,Indian Spot-billed Duck,"Bhandup Pumping Station, Mumbai",19.1411,72.961,12/10/2016,https://cdn.download.ams.birds.cornell.edu/api/v1/asset/
Anas poecilorhyncha,Indian Spot-billed Duck,"Bhandup Pumping Station, Mumbai",19.1411,72.961,08/09/2018,https://cdn.download.ams.birds.cornell.edu/api/v1/asset/
Anas poecilorhyncha,Indian Spot-billed Duck,"Ambazari Lake, Nagpur",21.1292,79.0329,10/03/2018,https://cdn.download.ams.birds.cornell.edu/api/v1/asset/
Anas poecilorhyncha,Indian Spot-billed Duck,Popatkhed reservoir,21.2115,77.0844,22/01/2017,https://cdn.download.ams.birds.cornell.edu/api/v1/asset/
Anas poecilorhyncha,Indian Spot-billed Duck,"IN - 18.206x74.602 - Oct 18, 2016 7:25 AM",18.2059,74.6023,18/10/2016,https://cdn.download.ams.birds.cornell.edu/api/v1/asset/
Anas poecilorhyncha,Indian Spot-billed Duck,"Mehrun Lake, Tambapura, Jalgaon, Maharashtra",20.9804,75.5651,12/09/2016,https://cdn.download.ams.birds.cornell.edu/api/v1/asset/
Anas poecilorhyncha,Indian Spot-billed Duck,Bhigwan -- Kumbhargaon Bird Sanctuary,18.2887,74.776,10/04/2015,https://cdn.download.ams.birds.cornell.edu/api/v1/asset/
Anas poecilorhyncha,Indian Spot-billed Duck,"My Saswad, Malshiras Road, Maharashtra, IN (18.392, 74.122)",18.392,74.1224,16/09/2020,https://cdn.download.ams.birds.cornell.edu/api/v1/asset/
Anas poecilorhyncha,Indian Spot-billed Duck,"Telhara Reservoir, Nagpur",21.0643,79.014,17/07/2016,https://cdn.download.ams.birds.cornell.edu/api/v1/asset/
Anas poecilorhyncha,Indian Spot-billed Duck,Mula River -- Baner,18.5648,73.7945,08/03/2020,https://cdn.download.ams.birds.cornell.edu/api/v1/asset/
Anas poecilorhyncha,Indian Spot-billed Duck,"Manyrkhede,Jalgaon,Maharashtra",20.9912,75.8918,30/11/2015,https://cdn.download.ams.birds.cornell.edu/api/v1/asset/
Anas poecilorhyncha,Indian Spot-billed Duck,"Mehrun Lake, Tambapura, Jalgaon, Maharashtra",20.9804,75.5651,28/11/2015,https://cdn.download.ams.birds.cornell.edu/api/v1/asset/
Anas poecilorhyncha,Indian Spot-billed Duck,"Powai Lake, Mumbai",19.1208,72.9024,23/01/2020,https://cdn.download.ams.birds.cornell.edu/api/v1/asset/
Anas poecilorhyncha,Indian Spot-billed Duck,Lokhandwala Lake,19.1447,72.8177,05/01/2020,https://cdn.download.ams.birds.cornell.edu/api/v1/asset/
Anas poecilorhyncha,Indian Spot-billed Duck,Lokhandwala Lake,19.1447,72.8177,05/01/2020,https://cdn.download.ams.birds.cornell.edu/api/v1/asset/
Anas poecilorhyncha,Indian Spot-billed Duck,Lokhandwala Lake,19.1447,72.8177,05/01/2020,https://cdn.download.ams.birds.cornell.edu/api/v1/asset/
Anas poecilorhyncha,Indian Spot-billed Duck,"Riverside road, Anandnagar, Pune",18.4795,73.8149,28/07/2019,https://cdn.download.ams.birds.cornell.edu/api/v1/asset/
Anas poecilorhyncha,Indian Spot-billed Duck,"Riverside road, Anandnagar, Pune",18.4795,73.8149,28/07/2019,https://cdn.download.ams.birds.cornell.edu/api/v1/asset/
Anas poecilorhyncha,Indian Spot-billed Duck,"Riverside road, Anandnagar, Pune",18.4795,73.8149,28/07/2019,https://cdn.download.ams.birds.cornell.edu/api/v1/asset/
Anas poecilorhyncha,Indian Spot-billed Duck,"Riverside road, Anandnagar, Pune",18.4795,73.8149,20/07/2019,https://cdn.download.ams.birds.cornell.edu/api/v1/asset/
Anas poecilorhyncha,Indian Spot-billed Duck,"kumbhargoan dock, Kumbhargaon, Maharashtra, IN (18.273, 74.796)",18.2727,74.7957,24/12/2018,https://cdn.download.ams.birds.cornell.edu/api/v1/asset/
Anas poecilorhyncha,Indian Spot-billed Duck,Bhigwan -- Kumbhargaon Bird Sanctuary,18.2887,74.776,16/01/2018,https://cdn.download.ams.birds.cornell.edu/api/v1/asset/
Anas poecilorhyncha,Indian Spot-billed Duck,Kavdi Pat,18.5054,74.0006,12/11/2017,https://cdn.download.ams.birds.cornell.edu/api/v1/asset/
Anas poecilorhyncha,Indian Spot-billed Duck,Inside the gate  of pashan lake,18.5363,73.7834,28/11/2016,https://cdn.download.ams.birds.cornell.edu/api/v1/asset/
Anas poecilorhyncha,Indian Spot-billed Duck,"Riverside road, Anandnagar, Pune",18.4795,73.8149,20/07/2019,https://cdn.download.ams.birds.cornell.edu/api/v1/asset/
Anas poecilorhyncha,Indian Spot-billed Duck,"Riverside road, Anandnagar, Pune",18.4795,73.8149,03/07/2019,https://cdn.download.ams.birds.cornell.edu/api/v1/asset/
Anas poecilorhyncha,Indian Spot-billed Duck,Narsoba Wadi Temple,16.6921,74.6015,31/03/2018,https://cdn.download.ams.birds.cornell.edu/api/v1/asset/
Anas poecilorhyncha,Indian Spot-billed Duck,Narsoba Wadi Temple,16.6921,74.6015,31/03/2018,https://cdn.download.ams.birds.cornell.edu/api/v1/asset/
Anas poecilorhyncha,Indian Spot-billed Duck,Narsoba Wadi Temple,16.6921,74.6015,31/03/2018,https://cdn.download.ams.birds.cornell.edu/api/v1/asset/
Anas poecilorhyncha,Indian Spot-billed Duck,Narsoba Wadi Temple,16.6921,74.6015,31/03/2018,https://cdn.download.ams.birds.cornell.edu/api/v1/asset/
Anas poecilorhyncha,Indian Spot-billed Duck,Narsoba Wadi Temple,16.6921,74.6015,31/03/2018,https://cdn.download.ams.birds.cornell.edu/api/v1/asset/
Anas poecilorhyncha,Indian Spot-billed Duck,Narsoba Wadi Temple,16.6921,74.6015,31/03/2018,https://cdn.download.ams.birds.cornell.edu/api/v1/asset/
Anas poecilorhyncha,Indian Spot-billed Duck,Kavdi Pat,18.5054,74.0006,16/04/2018,https://cdn.download.ams.birds.cornell.edu/api/v1/asset/
Anas poecilorhyncha,Indian Spot-billed Duck,"Ambazari Lake, Nagpur",21.1292,79.0329,14/04/2018,https://cdn.download.ams.birds.cornell.edu/api/v1/asset/
Anas poecilorhyncha,Indian Spot-billed Duck,Shirsoli P.B.,20.9334,75.5467,30/07/2017,https://cdn.download.ams.birds.cornell.edu/api/v1/asset/
Anas poecilorhyncha,Indian Spot-billed Duck,shreeprastha wet lands,19.426,72.8066,08/07/2017,https://cdn.download.ams.birds.cornell.edu/api/v1/asset/
Anas poecilorhyncha,Indian Spot-billed Duck,Dhayari Phata to Viman Nagar,18.4613,73.8134,22/03/2017,https://cdn.download.ams.birds.cornell.edu/api/v1/asset/
Anas poecilorhyncha,Indian Spot-billed Duck,Dhayari Phata to Viman Nagar,18.4613,73.8134,22/03/2017,https://cdn.download.ams.birds.cornell.edu/api/v1/asset/
Anas poecilorhyncha,Indian Spot-billed Duck,Indian Institute of Technology (IIT) Bombay,19.1279,72.9136,19/02/2017,https://cdn.download.ams.birds.cornell.edu/api/v1/asset/
Anas poecilorhyncha,Indian Spot-billed Duck,Kavdi Pat,18.5054,74.0006,08/01/2017,https://cdn.download.ams.birds.cornell.edu/api/v1/asset/
Anas poecilorhyncha,Indian Spot-billed Duck,Khadakwasla Dam,18.4295,73.758,25/12/2016,https://cdn.download.ams.birds.cornell.edu/api/v1/asset/
Anas poecilorhyncha,Indian Spot-billed Duck,"Mehrun Lake, Tambapura, Jalgaon, Maharashtra",20.9804,75.5651,23/10/2016,https://cdn.download.ams.birds.cornell.edu/api/v1/asset/
Anas poecilorhyncha,Indian Spot-billed Duck,Gogte saltpans vasai,19.4077,72.8185,13/08/2016,https://cdn.download.ams.birds.cornell.edu/api/v1/asset/
Anas poecilorhyncha,Indian Spot-billed Duck,Sarita Nagari Phase 1,18.4968,73.8352,17/10/2020,https://cdn.download.ams.birds.cornell.edu/api/v1/asset/
Anas poecilorhyncha,Indian Spot-billed Duck,Popatkhed,21.2104,77.0786,21/02/2016,https://cdn.download.ams.birds.cornell.edu/api/v1/asset/
Anas poecilorhyncha,Indian Spot-billed Duck,Indian Institute of Technology (IIT) Bombay,19.1279,72.9136,15/02/2016,https://cdn.download.ams.birds.cornell.edu/api/v1/asset/
Anas poecilorhyncha,Indian Spot-billed Duck,Kopar Wetlands- Juni Dombivli - Ganesh Ghat,19.2191,73.0704,09/08/2019,https://cdn.download.ams.birds.cornell.edu/api/v1/asset/
Anas poecilorhyncha,Indian Spot-billed Duck,"Thane creek Flamingo sanctuary, Airoli",19.15,72.9804,21/02/2016,https://cdn.download.ams.birds.cornell.edu/api/v1/asset/
Anas poecilorhyncha,Indian Spot-billed Duck,Gularghat,21.2581,77.0324,13/12/2015,https://cdn.download.ams.birds.cornell.edu/api/v1/asset/
Anas poecilorhyncha,Indian Spot-billed Duck,"Mehrun Lake, Tambapura, Jalgaon, Maharashtra",20.9804,75.5651,30/11/2015,https://cdn.download.ams.birds.cornell.edu/api/v1/asset/
Anas poecilorhyncha,Indian Spot-billed Duck,"Bhandup Pumping Station, Mumbai",19.1411,72.961,15/11/2015,https://cdn.download.ams.birds.cornell.edu/api/v1/asset/
Anas poecilorhyncha,Indian Spot-billed Duck,Lokhandwala Lake--Mangroves,19.1438,72.8183,10/12/2019,https://cdn.download.ams.birds.cornell.edu/api/v1/asset/
Anas poecilorhyncha,Indian Spot-billed Duck,Lokhandwala Lake--Mangroves,19.1438,72.8183,10/12/2019,https://cdn.download.ams.birds.cornell.edu/api/v1/asset/
Anas poecilorhyncha,Indian Spot-billed Duck,Lokhandwala Lake--Mangroves,19.1438,72.8183,12/10/2019,https://cdn.download.ams.birds.cornell.edu/api/v1/asset/
Anas poecilorhyncha,Indian Spot-billed Duck,ARAI Hills (Vetal Tekdi),18.5279,73.8175,04/10/2019,https://cdn.download.ams.birds.cornell.edu/api/v1/asset/
Anas poecilorhyncha,Indian Spot-billed Duck,"Panje, Uran",18.908,72.9492,12/08/2019,https://cdn.download.ams.birds.cornell.edu/api/v1/asset/
Anas poecilorhyncha,Indian Spot-billed Duck,"Panje, Uran",18.908,72.9492,12/08/2019,https://cdn.download.ams.birds.cornell.edu/api/v1/asset/
Anas poecilorhyncha,Indian Spot-billed Duck,Bhusawal Thermal Power Station (BTPS)--Sewage Treatment Plant,21.0405,75.8396,01/07/2019,https://cdn.download.ams.birds.cornell.edu/api/v1/asset/
Anas poecilorhyncha,Indian Spot-billed Duck,Bhusawal Thermal Power Station (BTPS)--Sewage Treatment Plant,21.0405,75.8396,01/07/2019,https://cdn.download.ams.birds.cornell.edu/api/v1/asset/
Anas poecilorhyncha,Indian Spot-billed Duck,"Tapti BTPS RESERVOIR (21.06, 75.852)",21.0596,75.8519,12/05/2019,https://cdn.download.ams.birds.cornell.edu/api/v1/asset/
Anas poecilorhyncha,Indian Spot-billed Duck,Shivaji University,16.6833,74.2535,27/12/2017,https://cdn.download.ams.birds.cornell.edu/api/v1/asset/
Anas poecilorhyncha,Indian Spot-billed Duck,"Pench Tiger Reserve, Maharashtra",21.6439,79.2414,20/12/2016,https://cdn.download.ams.birds.cornell.edu/api/v1/asset/
Anas poecilorhyncha,Indian Spot-billed Duck,Tapti River--behind BTPS,21.0602,75.8353,29/07/2020,https://cdn.download.ams.birds.cornell.edu/api/v1/asset/
Anas poecilorhyncha,Indian Spot-billed Duck,"Riverside road, Anandnagar, Pune",18.4795,73.8149,22/07/2018,https://cdn.download.ams.birds.cornell.edu/api/v1/asset/
Anas poecilorhyncha,Indian Spot-billed Duck,"Salim Ali Lake, Aurangabad",19.8987,75.3436,10/05/2018,https://cdn.download.ams.birds.cornell.edu/api/v1/asset/
Anas poecilorhyncha,Indian Spot-billed Duck,"Ambazari Lake, Nagpur",21.1292,79.0329,19/04/2018,https://cdn.download.ams.birds.cornell.edu/api/v1/asset/
Anas poecilorhyncha,Indian Spot-billed Duck,"Ambazari Lake, Nagpur",21.1292,79.0329,27/03/2018,https://cdn.download.ams.birds.cornell.edu/api/v1/asset/
Anas poecilorhyncha,Indian Spot-billed Duck,Pachu Bandar,19.3297,72.8659,25/03/2018,https://cdn.download.ams.birds.cornell.edu/api/v1/asset/
Anas poecilorhyncha,Indian Spot-billed Duck,"Paradise Lake Resort, Harkul Dam",16.3295,73.8014,03/03/2018,https://cdn.download.ams.birds.cornell.edu/api/v1/asset/
Anas poecilorhyncha,Indian Spot-billed Duck,"Paradise Lake Resort, Harkul Dam",16.3295,73.8014,03/03/2018,https://cdn.download.ams.birds.cornell.edu/api/v1/asset/
Anas poecilorhyncha,Indian Spot-billed Duck,"Ambazari Lake, Nagpur",21.1292,79.0329,24/02/2018,https://cdn.download.ams.birds.cornell.edu/api/v1/asset/
Anas poecilorhyncha,Indian Spot-billed Duck,"Rankala Lake, Kolhapur",16.6884,74.2124,17/02/2018,https://cdn.download.ams.birds.cornell.edu/api/v1/asset/
Anas poecilorhyncha,Indian Spot-billed Duck,"Ambazari Lake, Nagpur",21.1292,79.0329,17/02/2018,https://cdn.download.ams.birds.cornell.edu/api/v1/asset/
Anas poecilorhyncha,Indian Spot-billed Duck,"Chhatri Lake--Backwaters, Amravati",20.8955,77.7764,12/02/2018,https://cdn.download.ams.birds.cornell.edu/api/v1/asset/
Anas poecilorhyncha,Indian Spot-billed Duck,"Bhandup Pumping Station, Mumbai",19.1411,72.961,23/10/2017,https://cdn.download.ams.birds.cornell.edu/api/v1/asset/
Anas poecilorhyncha,Indian Spot-billed Duck,"Powai Lake, Mumbai",19.1208,72.9024,20/12/2015,https://cdn.download.ams.birds.cornell.edu/api/v1/asset/
Anas poecilorhyncha,Indian Spot-billed Duck,RCF PLANT,19.0305,72.8854,01/09/2017,https://cdn.download.ams.birds.cornell.edu/api/v1/asset/
Anas poecilorhyncha,Indian Spot-billed Duck,RCF PLANT,19.0305,72.8854,01/09/2017,https://cdn.download.ams.birds.cornell.edu/api/v1/asset/
Anas poecilorhyncha,Indian Spot-billed Duck,Kavdi Pat,18.5054,74.0006,13/05/2017,https://cdn.download.ams.birds.cornell.edu/api/v1/asset/
Anas poecilorhyncha,Indian Spot-billed Duck,Veer Dam,18.1184,74.0842,26/03/2017,https://cdn.download.ams.birds.cornell.edu/api/v1/asset/
Anas poecilorhyncha,Indian Spot-billed Duck,Pimprisekam-River Bhogawati,21.0483,75.8638,02/03/2017,https://cdn.download.ams.birds.cornell.edu/api/v1/asset/
Anas poecilorhyncha,Indian Spot-billed Duck,Popatkhed reservoir,21.2115,77.0844,22/01/2017,https://cdn.download.ams.birds.cornell.edu/api/v1/asset/
Anas poecilorhyncha,Indian Spot-billed Duck,"Bahula Dam, Jalgaon",20.6936,75.3966,08/01/2017,https://cdn.download.ams.birds.cornell.edu/api/v1/asset/
Anas poecilorhyncha,Indian Spot-billed Duck,Inside the gate  of pashan lake,18.5363,73.7834,04/10/2016,https://cdn.download.ams.birds.cornell.edu/api/v1/asset/
Anas poecilorhyncha,Indian Spot-billed Duck,"Mehrun Lake, Tambapura, Jalgaon, Maharashtra",20.9804,75.5651,14/08/2016,https://cdn.download.ams.birds.cornell.edu/api/v1/asset/
Anas poecilorhyncha,Indian Spot-billed Duck,"Panje, Uran",18.908,72.9492,13/02/2016,https://cdn.download.ams.birds.cornell.edu/api/v1/asset/
Anas poecilorhyncha,Indian Spot-billed Duck,Tapti River--behind BTPS,21.0602,75.8353,29/07/2020,https://cdn.download.ams.birds.cornell.edu/api/v1/asset/
Anas poecilorhyncha,Indian Spot-billed Duck,Tapti River--behind BTPS,21.0602,75.8353,29/07/2020,https://cdn.download.ams.birds.cornell.edu/api/v1/asset/
Anas poecilorhyncha,Indian Spot-billed Duck,Tapti River--behind BTPS,21.0602,75.8353,29/07/2020,https://cdn.download.ams.birds.cornell.edu/api/v1/asset/
Anas poecilorhyncha,Indian Spot-billed Duck,Tapti River--behind BTPS,21.0602,75.8353,29/07/2020,https://cdn.download.ams.birds.cornell.edu/api/v1/asset/
Anas poecilorhyncha,Indian Spot-billed Duck,Seawoods--Navi Mumbai,19.0101,73.0094,21/10/2018,https://cdn.download.ams.birds.cornell.edu/api/v1/asset/
Anas poecilorhyncha,Indian Spot-billed Duck,"Ambazari Lake--Backwaters, Nagpur",21.1389,79.0236,12/07/2020,https://cdn.download.ams.birds.cornell.edu/api/v1/asset/
Anas poecilorhyncha,Indian Spot-billed Duck,"Nakane Lake, Dhule",20.886,74.7273,18/02/2016,https://cdn.download.ams.birds.cornell.edu/api/v1/asset/
Anas poecilorhyncha,Indian Spot-billed Duck,"Bahula Dam, Jalgaon",20.6936,75.3966,18/01/2016,https://cdn.download.ams.birds.cornell.edu/api/v1/asset/
Anas poecilorhyncha,Indian Spot-billed Duck,"Mehrun Lake, Tambapura, Jalgaon, Maharashtra",20.9804,75.5651,23/12/2015,https://cdn.download.ams.birds.cornell.edu/api/v1/asset/
Anas poecilorhyncha,Indian Spot-billed Duck,"Moharli, Maharashtra, IN (20.19, 79.33)",20.19,79.3299,04/04/2020,https://cdn.download.ams.birds.cornell.edu/api/v1/asset/
Anas poecilorhyncha,Indian Spot-billed Duck,"Mehrun Lake, Tambapura, Jalgaon, Maharashtra",20.9804,75.5651,03/12/2015,https://cdn.download.ams.birds.cornell.edu/api/v1/asset/
Anas poecilorhyncha,Indian Spot-billed Duck,"Pashan Lake, Pune",18.5318,73.7854,27/11/2015,https://cdn.download.ams.birds.cornell.edu/api/v1/asset/
Anas poecilorhyncha,Indian Spot-billed Duck,Lokhandwala Lake,19.1447,72.8177,05/01/2020,https://cdn.download.ams.birds.cornell.edu/api/v1/asset/
Anas poecilorhyncha,Indian Spot-billed Duck,Lokhandwala Lake--Mangroves,19.1438,72.8183,10/12/2019,https://cdn.download.ams.birds.cornell.edu/api/v1/asset/
Anas poecilorhyncha,Indian Spot-billed Duck,Lokhandwala Lake--Mangroves,19.1438,72.8183,10/12/2019,https://cdn.download.ams.birds.cornell.edu/api/v1/asset/
Anas poecilorhyncha,Indian Spot-billed Duck,Lokhandwala Lake--Mangroves,19.1438,72.8183,13/11/2019,https://cdn.download.ams.birds.cornell.edu/api/v1/asset/
Anas poecilorhyncha,Indian Spot-billed Duck,"Bhandup Pumping Station, Mumbai",19.1411,72.961,11/08/2019,https://cdn.download.ams.birds.cornell.edu/api/v1/asset/
Anas poecilorhyncha,Indian Spot-billed Duck,Bhusawal Thermal Power Station (BTPS)--Sewage Treatment Plant,21.0405,75.8396,01/07/2019,https://cdn.download.ams.birds.cornell.edu/api/v1/asset/
Anas poecilorhyncha,Indian Spot-billed Duck,"Great Indian Bustard Sanctuary, Nannaj",17.8248,75.8678,30/06/2019,https://cdn.download.ams.birds.cornell.edu/api/v1/asset/
Anas poecilorhyncha,Indian Spot-billed Duck,"JugaDevi Side Tapti River_Maharashtra, IN (21.064, 75.762)",21.0642,75.7618,21/05/2019,https://cdn.download.ams.birds.cornell.edu/api/v1/asset/
Anas poecilorhyncha,Indian Spot-billed Duck,"JugaDevi Side Tapti River_Maharashtra, IN (21.064, 75.762)",21.0642,75.7618,21/05/2019,https://cdn.download.ams.birds.cornell.edu/api/v1/asset/
Anas poecilorhyncha,Indian Spot-billed Duck,Tapti River--behind BTPS,21.0602,75.8353,17/05/2019,https://cdn.download.ams.birds.cornell.edu/api/v1/asset/
Anas poecilorhyncha,Indian Spot-billed Duck,Tapti River--behind BTPS,21.0602,75.8353,17/05/2019,https://cdn.download.ams.birds.cornell.edu/api/v1/asset/
Anas poecilorhyncha,Indian Spot-billed Duck,"Tapti BTPS RESERVOIR (21.06, 75.852)",21.0596,75.8519,12/05/2019,https://cdn.download.ams.birds.cornell.edu/api/v1/asset/
Anas poecilorhyncha,Indian Spot-billed Duck,"Tapti BTPS RESERVOIR (21.06, 75.852)",21.0596,75.8519,12/05/2019,https://cdn.download.ams.birds.cornell.edu/api/v1/asset/
Anas poecilorhyncha,Indian Spot-billed Duck,"Tapti BTPS RESERVOIR (21.06, 75.852)",21.0596,75.8519,12/05/2019,https://cdn.download.ams.birds.cornell.edu/api/v1/asset/
Anas poecilorhyncha,Indian Spot-billed Duck,"Tapti BTPS RESERVOIR (21.06, 75.852)",21.0596,75.8519,12/05/2019,https://cdn.download.ams.birds.cornell.edu/api/v1/asset/
Anas poecilorhyncha,Indian Spot-billed Duck,Tapti River--behind BTPS,21.0602,75.8353,12/04/2019,https://cdn.download.ams.birds.cornell.edu/api/v1/asset/
Anas poecilorhyncha,Indian Spot-billed Duck,Tapti River--behind BTPS,21.0602,75.8353,12/04/2019,https://cdn.download.ams.birds.cornell.edu/api/v1/asset/
Anas poecilorhyncha,Indian Spot-billed Duck,Tapti River--behind BTPS,21.0602,75.8353,12/04/2019,https://cdn.download.ams.birds.cornell.edu/api/v1/asset/
Anas poecilorhyncha,Indian Spot-billed Duck,Tapti River--behind BTPS,21.0602,75.8353,12/04/2019,https://cdn.download.ams.birds.cornell.edu/api/v1/asset/
Anas poecilorhyncha,Indian Spot-billed Duck,Tapti River--behind BTPS,21.0602,75.8353,12/04/2019,https://cdn.download.ams.birds.cornell.edu/api/v1/asset/
Anas poecilorhyncha,Indian Spot-billed Duck,Tapti River--behind BTPS,21.0602,75.8353,12/04/2019,https://cdn.download.ams.birds.cornell.edu/api/v1/asset/
Anas poecilorhyncha,Indian Spot-billed Duck,Tapti River--behind BTPS,21.0602,75.8353,12/04/2019,https://cdn.download.ams.birds.cornell.edu/api/v1/asset/
Anas poecilorhyncha,Indian Spot-billed Duck,Ajanta-andhari dam,20.5087,75.7633,29/12/2018,https://cdn.download.ams.birds.cornell.edu/api/v1/asset/
Anas poecilorhyncha,Indian Spot-billed Duck,"Bhandup Pumping Station, Mumbai",19.1411,72.961,20/01/2018,https://cdn.download.ams.birds.cornell.edu/api/v1/asset/
Anas poecilorhyncha,Indian Spot-billed Duck,Kapurwadi lake,19.1168,74.7798,10/03/2018,https://cdn.download.ams.birds.cornell.edu/api/v1/asset/
Anas poecilorhyncha,Indian Spot-billed Duck,Khadakwasla Dam,18.4295,73.758,17/02/2018,https://cdn.download.ams.birds.cornell.edu/api/v1/asset/
Anas poecilorhyncha,Indian Spot-billed Duck,"Gorewada Lake, Nagpur",21.1973,79.0381,23/11/2016,https://cdn.download.ams.birds.cornell.edu/api/v1/asset/
Anas poecilorhyncha,Indian Spot-billed Duck,Inside the gate  of pashan lake,18.5363,73.7834,04/10/2016,https://cdn.download.ams.birds.cornell.edu/api/v1/asset/
Anas poecilorhyncha,Indian Spot-billed Duck,"Pat Talav (Lake), Malvan",15.9652,73.5728,21/12/2018,https://cdn.download.ams.birds.cornell.edu/api/v1/asset/
Anas poecilorhyncha,Indian Spot-billed Duck,Tapti River--behind BTPS,21.0602,75.8353,12/04/2019,https://cdn.download.ams.birds.cornell.edu/api/v1/asset/
Anas poecilorhyncha,Indian Spot-billed Duck,"Gorewada Lake, Nagpur",21.1973,79.0381,10/04/2018,https://cdn.download.ams.birds.cornell.edu/api/v1/asset/
Anas poecilorhyncha,Indian Spot-billed Duck,"Paradgaon Dam, Nagpur",20.9356,79.2261,22/03/2018,https://cdn.download.ams.birds.cornell.edu/api/v1/asset/
Anas poecilorhyncha,Indian Spot-billed Duck,"Maharashtra, IN (18.505, 74.001)",18.5054,74.0005,23/03/2018,https://cdn.download.ams.birds.cornell.edu/api/v1/asset/
Anas poecilorhyncha,Indian Spot-billed Duck,Parsik Nagar,19.2117,73.0119,17/01/2018,https://cdn.download.ams.birds.cornell.edu/api/v1/asset/
Anas poecilorhyncha,Indian Spot-billed Duck,Parsik Nagar,19.2117,73.0119,17/01/2018,https://cdn.download.ams.birds.cornell.edu/api/v1/asset/
Anas poecilorhyncha,Indian Spot-billed Duck,"Telhara Reservoir, Nagpur",21.0643,79.014,03/03/2018,https://cdn.download.ams.birds.cornell.edu/api/v1/asset/
Anas poecilorhyncha,Indian Spot-billed Duck,KORADI,21.2604,79.0876,27/02/2018,https://cdn.download.ams.birds.cornell.edu/api/v1/asset/
Anas poecilorhyncha,Indian Spot-billed Duck,"Bhandup Pumping Station, Mumbai",19.1411,72.961,18/02/2018,https://cdn.download.ams.birds.cornell.edu/api/v1/asset/
Anas poecilorhyncha,Indian Spot-billed Duck,"Mihan, Nagpur",21.0773,79.0461,26/01/2018,https://cdn.download.ams.birds.cornell.edu/api/v1/asset/
Anas poecilorhyncha,Indian Spot-billed Duck,"Rajavali Marshes, Vasai",19.3855,72.8508,25/12/2017,https://cdn.download.ams.birds.cornell.edu/api/v1/asset/
Anas poecilorhyncha,Indian Spot-billed Duck,"Rajavali Marshes, Vasai",19.3855,72.8508,25/12/2017,https://cdn.download.ams.birds.cornell.edu/api/v1/asset/
Anas poecilorhyncha,Indian Spot-billed Duck,RCF PLANT,19.0305,72.8854,23/12/2017,https://cdn.download.ams.birds.cornell.edu/api/v1/asset/
Anas poecilorhyncha,Indian Spot-billed Duck,"Bhandup Pumping Station, Mumbai",19.1411,72.961,24/12/2017,https://cdn.download.ams.birds.cornell.edu/api/v1/asset/
Anas poecilorhyncha,Indian Spot-billed Duck,"Bhandup Pumping Station, Mumbai",19.1411,72.961,12/10/2016,https://cdn.download.ams.birds.cornell.edu/api/v1/asset/
Anas poecilorhyncha,Indian Spot-billed Duck,Veer Dam,18.1184,74.0842,26/03/2017,https://cdn.download.ams.birds.cornell.edu/api/v1/asset/
Anas poecilorhyncha,Indian Spot-billed Duck,"Bhandup Pumping Station, Mumbai",19.1411,72.961,17/03/2017,https://cdn.download.ams.birds.cornell.edu/api/v1/asset/
Anas poecilorhyncha,Indian Spot-billed Duck,Gularghat Pond,21.2643,77.0262,28/01/2017,https://cdn.download.ams.birds.cornell.edu/api/v1/asset/
Anas poecilorhyncha,Indian Spot-billed Duck,Popatkhed reservoir,21.2115,77.0844,22/01/2017,https://cdn.download.ams.birds.cornell.edu/api/v1/asset/
Anas poecilorhyncha,Indian Spot-billed Duck,IN-Maharashtra-Pune-Phule Nagar-Akluj Road - 18.544x73.885,18.5437,73.8851,13/01/2017,https://cdn.download.ams.birds.cornell.edu/api/v1/asset/
Anas poecilorhyncha,Indian Spot-billed Duck,Khadakwasla Dam,18.4295,73.758,25/12/2016,https://cdn.download.ams.birds.cornell.edu/api/v1/asset/
Anas poecilorhyncha,Indian Spot-billed Duck,Khadakwasla Dam,18.4295,73.758,25/12/2016,https://cdn.download.ams.birds.cornell.edu/api/v1/asset/
Anas poecilorhyncha,Indian Spot-billed Duck,"Pashan Lake, Pune",18.5318,73.7854,10/05/2015,https://cdn.download.ams.birds.cornell.edu/api/v1/asset/
Anas poecilorhyncha,Indian Spot-billed Duck,"Eco Park, Nanded City",18.4546,73.7852,21/08/2016,https://cdn.download.ams.birds.cornell.edu/api/v1/asset/
Anas poecilorhyncha,Indian Spot-billed Duck,"Mehrun Lake, Tambapura, Jalgaon, Maharashtra",20.9804,75.5651,24/06/2016,https://cdn.download.ams.birds.cornell.edu/api/v1/asset/
Anas poecilorhyncha,Indian Spot-billed Duck,"Bhopar grasslands, Thane",19.1921,73.0726,14/02/2016,https://cdn.download.ams.birds.cornell.edu/api/v1/asset/
Anas poecilorhyncha,Indian Spot-billed Duck,Kapurwadi lake,19.1168,74.7798,12/09/2020,https://cdn.download.ams.birds.cornell.edu/api/v1/asset/
Anas poecilorhyncha,Indian Spot-billed Duck,Kapurwadi lake,19.1168,74.7798,12/09/2020,https://cdn.download.ams.birds.cornell.edu/api/v1/asset/
Anas poecilorhyncha,Indian Spot-billed Duck,"Mehrun Lake, Tambapura, Jalgaon, Maharashtra",20.9804,75.5651,17/03/2016,https://cdn.download.ams.birds.cornell.edu/api/v1/asset/
Anas poecilorhyncha,Indian Spot-billed Duck,"Mehrun Lake, Tambapura, Jalgaon, Maharashtra",20.9804,75.5651,17/03/2016,https://cdn.download.ams.birds.cornell.edu/api/v1/asset/
Anas poecilorhyncha,Indian Spot-billed Duck,Tapti River--behind BTPS,21.0602,75.8353,29/07/2020,https://cdn.download.ams.birds.cornell.edu/api/v1/asset/
Anas poecilorhyncha,Indian Spot-billed Duck,Bhigwan -- Diksal,18.3116,74.7927,16/12/2018,https://cdn.download.ams.birds.cornell.edu/api/v1/asset/
Anas poecilorhyncha,Indian Spot-billed Duck,"Ambazari Lake--Backwaters, Nagpur",21.1389,79.0236,12/07/2020,https://cdn.download.ams.birds.cornell.edu/api/v1/asset/
Anas poecilorhyncha,Indian Spot-billed Duck,"Nakane Lake, Dhule",20.886,74.7273,18/02/2016,https://cdn.download.ams.birds.cornell.edu/api/v1/asset/
Anas poecilorhyncha,Indian Spot-billed Duck,Tapti River--behind BTPS,21.0602,75.8353,15/05/2020,https://cdn.download.ams.birds.cornell.edu/api/v1/asset/
Anas poecilorhyncha,Indian Spot-billed Duck,"Bena, Near Vasai Beach",19.3469,72.7909,18/10/2018,https://cdn.download.ams.birds.cornell.edu/api/v1/asset/
Anas poecilorhyncha,Indian Spot-billed Duck,Bhigwan -- Kumbhargaon Bird Sanctuary,18.2887,74.776,27/01/2019,https://cdn.download.ams.birds.cornell.edu/api/v1/asset/
Anas poecilorhyncha,Indian Spot-billed Duck,Bhigwan -- Kumbhargaon Bird Sanctuary,18.2887,74.776,27/01/2019,https://cdn.download.ams.birds.cornell.edu/api/v1/asset/
Anas poecilorhyncha,Indian Spot-billed Duck,Dhargad,21.2623,76.9882,10/01/2016,https://cdn.download.ams.birds.cornell.edu/api/v1/asset/
Anas poecilorhyncha,Indian Spot-billed Duck,"Mehrun Lake, Tambapura, Jalgaon, Maharashtra",20.9804,75.5651,26/12/2015,https://cdn.download.ams.birds.cornell.edu/api/v1/asset/
Anas poecilorhyncha,Indian Spot-billed Duck,"Mehrun Lake, Tambapura, Jalgaon, Maharashtra",20.9804,75.5651,03/12/2015,https://cdn.download.ams.birds.cornell.edu/api/v1/asset/
Anas poecilorhyncha,Indian Spot-billed Duck,"Manyrkhede,Jalgaon,Maharashtra",20.9912,75.8918,02/12/2015,https://cdn.download.ams.birds.cornell.edu/api/v1/asset/
Anas poecilorhyncha,Indian Spot-billed Duck,"Pohra forest, Amravati",20.8924,77.8774,15/11/2015,https://cdn.download.ams.birds.cornell.edu/api/v1/asset/
Anas poecilorhyncha,Indian Spot-billed Duck,Lokhandwala Lake--Mangroves,19.1438,72.8183,13/11/2019,https://cdn.download.ams.birds.cornell.edu/api/v1/asset/
Anas poecilorhyncha,Indian Spot-billed Duck,Lokhandwala Lake--Mangroves,19.1438,72.8183,12/10/2019,https://cdn.download.ams.birds.cornell.edu/api/v1/asset/
Anas poecilorhyncha,Indian Spot-billed Duck,Bhusawal Thermal Power Station (BTPS)--Sewage Treatment Plant,21.0405,75.8396,01/07/2019,https://cdn.download.ams.birds.cornell.edu/api/v1/asset/
Anas poecilorhyncha,Indian Spot-billed Duck,Bhusawal Thermal Power Station (BTPS)--Sewage Treatment Plant,21.0405,75.8396,01/07/2019,https://cdn.download.ams.birds.cornell.edu/api/v1/asset/
Anas poecilorhyncha,Indian Spot-billed Duck,"JugaDevi Side Tapti River_Maharashtra, IN (21.064, 75.762)",21.0642,75.7618,21/05/2019,https://cdn.download.ams.birds.cornell.edu/api/v1/asset/
Anas poecilorhyncha,Indian Spot-billed Duck,"JugaDevi Side Tapti River_Maharashtra, IN (21.064, 75.762)",21.0642,75.7618,21/05/2019,https://cdn.download.ams.birds.cornell.edu/api/v1/asset/
Anas poecilorhyncha,Indian Spot-billed Duck,Tapti River--behind BTPS,21.0602,75.8353,17/05/2019,https://cdn.download.ams.birds.cornell.edu/api/v1/asset/
Anas poecilorhyncha,Indian Spot-billed Duck,Tapti River--behind BTPS,21.0602,75.8353,17/05/2019,https://cdn.download.ams.birds.cornell.edu/api/v1/asset/
Anas poecilorhyncha,Indian Spot-billed Duck,Salim Ali Sarovar,19.8993,75.339,17/11/2018,https://cdn.download.ams.birds.cornell.edu/api/v1/asset/
Anas poecilorhyncha,Indian Spot-billed Duck,Salim Ali Sarovar,19.8993,75.339,17/11/2018,https://cdn.download.ams.birds.cornell.edu/api/v1/asset/
Anas poecilorhyncha,Indian Spot-billed Duck,Gosekhurd,20.8665,79.6024,11/11/2018,https://cdn.download.ams.birds.cornell.edu/api/v1/asset/
Anas poecilorhyncha,Indian Spot-billed Duck,Gosekhurd,20.8665,79.6024,11/11/2018,https://cdn.download.ams.birds.cornell.edu/api/v1/asset/
Anas poecilorhyncha,Indian Spot-billed Duck,Amboli Village,15.9623,73.9977,16/09/2018,https://cdn.download.ams.birds.cornell.edu/api/v1/asset/
Anas poecilorhyncha,Indian Spot-billed Duck,Tapti River--behind BTPS,21.0602,75.8353,25/01/2020,https://cdn.download.ams.birds.cornell.edu/api/v1/asset/
Anas poecilorhyncha,Indian Spot-billed Duck,"Pegasus Institute, Kamshet",18.8355,73.5122,24/02/2018,https://cdn.download.ams.birds.cornell.edu/api/v1/asset/
Anas poecilorhyncha,Indian Spot-billed Duck,"Bhopar grasslands, Thane",19.1921,73.0726,04/02/2018,https://cdn.download.ams.birds.cornell.edu/api/v1/asset/
Anas poecilorhyncha,Indian Spot-billed Duck,"SH8, Muktainagar IN-Maharashtra (21.0557,76.0673)",21.0557,76.0673,28/01/2018,https://cdn.download.ams.birds.cornell.edu/api/v1/asset/
Anas poecilorhyncha,Indian Spot-billed Duck,"Bhandup Pumping Station, Mumbai",19.1411,72.961,06/12/2017,https://cdn.download.ams.birds.cornell.edu/api/v1/asset/
Anas poecilorhyncha,Indian Spot-billed Duck,Kapurwadi lake,19.1168,74.7798,15/05/2017,https://cdn.download.ams.birds.cornell.edu/api/v1/asset/
Anas poecilorhyncha,Indian Spot-billed Duck,IN - 21.198x79.618 - Khurshipar Navin Talao,21.1983,79.618,20/03/2017,https://cdn.download.ams.birds.cornell.edu/api/v1/asset/
Anas poecilorhyncha,Indian Spot-billed Duck,Tapti River--behind BTPS,21.0602,75.8353,04/03/2017,https://cdn.download.ams.birds.cornell.edu/api/v1/asset/
Anas poecilorhyncha,Indian Spot-billed Duck,Pimprisekam-River Bhogawati,21.0483,75.8638,02/03/2017,https://cdn.download.ams.birds.cornell.edu/api/v1/asset/
Anas poecilorhyncha,Indian Spot-billed Duck,IN-Maharashtra-Pune-Phule Nagar-Akluj Road - 18.544x73.885,18.5437,73.8851,13/01/2017,https://cdn.download.ams.birds.cornell.edu/api/v1/asset/
Anas poecilorhyncha,Indian Spot-billed Duck,"Kaas  Plateau, Satara",17.7249,73.8268,21/09/2016,https://cdn.download.ams.birds.cornell.edu/api/v1/asset/
Anas poecilorhyncha,Indian Spot-billed Duck,"Mehrun Lake, Tambapura, Jalgaon, Maharashtra",20.9804,75.5651,24/06/2016,https://cdn.download.ams.birds.cornell.edu/api/v1/asset/
Anas poecilorhyncha,Indian Spot-billed Duck,"Bhandup Pumping Station, Mumbai",19.1411,72.961,02/10/2020,https://cdn.download.ams.birds.cornell.edu/api/v1/asset/
Anas poecilorhyncha,Indian Spot-billed Duck,Tapti River--behind BTPS,21.0602,75.8353,29/07/2020,https://cdn.download.ams.birds.cornell.edu/api/v1/asset/
Anas poecilorhyncha,Indian Spot-billed Duck,"Mehrun Lake, Tambapura, Jalgaon, Maharashtra",20.9804,75.5651,23/12/2015,https://cdn.download.ams.birds.cornell.edu/api/v1/asset/
Anas poecilorhyncha,Indian Spot-billed Duck,"Umela swamps, Vasai",19.365,72.8224,25/03/2020,https://cdn.download.ams.birds.cornell.edu/api/v1/asset/
Anas poecilorhyncha,Indian Spot-billed Duck,Tirupati City,20.0946,77.1443,15/11/2015,https://cdn.download.ams.birds.cornell.edu/api/v1/asset/
Anas poecilorhyncha,Indian Spot-billed Duck,Tapti River--behind BTPS,21.0602,75.8353,22/08/2019,https://cdn.download.ams.birds.cornell.edu/api/v1/asset/
Anas poecilorhyncha,Indian Spot-billed Duck,"JugaDevi Side Tapti River_Maharashtra, IN (21.064, 75.762)",21.0642,75.7618,21/05/2019,https://cdn.download.ams.birds.cornell.edu/api/v1/asset/
Anas poecilorhyncha,Indian Spot-billed Duck,"Bhandup Pumping Station, Mumbai",19.1411,72.961,15/04/2018,https://cdn.download.ams.birds.cornell.edu/api/v1/asset/
Anas poecilorhyncha,Indian Spot-billed Duck,Bhigwan -- Kumbhargaon Bird Sanctuary,18.2887,74.776,03/03/2018,https://cdn.download.ams.birds.cornell.edu/api/v1/asset/
Anas poecilorhyncha,Indian Spot-billed Duck,ARAI Hills (Vetal Tekdi),18.5279,73.8175,09/03/2018,https://cdn.download.ams.birds.cornell.edu/api/v1/asset/
Anas poecilorhyncha,Indian Spot-billed Duck,Khadakwasla Dam,18.4295,73.758,04/03/2018,https://cdn.download.ams.birds.cornell.edu/api/v1/asset/
Anas poecilorhyncha,Indian Spot-billed Duck,ARAI Hills (Vetal Tekdi),18.5279,73.8175,13/11/2017,https://cdn.download.ams.birds.cornell.edu/api/v1/asset/
Anas poecilorhyncha,Indian Spot-billed Duck,Kopar Wetlands- Juni Dombivli - Ganesh Ghat,19.2191,73.0704,17/02/2017,https://cdn.download.ams.birds.cornell.edu/api/v1/asset/
Anas poecilorhyncha,Indian Spot-billed Duck,Khadakwasla Dam,18.4295,73.758,25/12/2016,https://cdn.download.ams.birds.cornell.edu/api/v1/asset/
Anas poecilorhyncha,Indian Spot-billed Duck,"Mamurabad Road ,Shivaji Nagar,Jalgaon",21.0256,75.5723,10/05/2016,https://cdn.download.ams.birds.cornell.edu/api/v1/asset/
Anas poecilorhyncha,Indian Spot-billed Duck,Bhigwan -- Kumbhargaon Bird Sanctuary,18.2887,74.776,02/05/2016,https://cdn.download.ams.birds.cornell.edu/api/v1/asset/
Anas poecilorhyncha,Indian Spot-billed Duck,Chandak farm,20.953,74.7172,20/10/2020,https://cdn.download.ams.birds.cornell.edu/api/v1/asset/
Anas poecilorhyncha,Indian Spot-billed Duck,"Shahapur Lake, Shahapur,Maharashtra State Highway 188, Maharashtra, IN (20.722, 75.803)",20.7219,75.8031,10/10/2020,https://cdn.download.ams.birds.cornell.edu/api/v1/asset/
Anas poecilorhyncha,Indian Spot-billed Duck,"Shahapur Lake, Shahapur,Maharashtra State Highway 188, Maharashtra, IN (20.722, 75.803)",20.7219,75.8031,10/10/2020,https://cdn.download.ams.birds.cornell.edu/api/v1/asset/
Anas poecilorhyncha,Indian Spot-billed Duck,"Shahapur Lake, Shahapur,Maharashtra State Highway 188, Maharashtra, IN (20.722, 75.803)",20.7219,75.8031,10/10/2020,https://cdn.download.ams.birds.cornell.edu/api/v1/asset/
Anas poecilorhyncha,Indian Spot-billed Duck,"Shahapur Lake, Shahapur,Maharashtra State Highway 188, Maharashtra, IN (20.722, 75.803)",20.7219,75.8031,10/10/2020,https://cdn.download.ams.birds.cornell.edu/api/v1/asset/
Anas poecilorhyncha,Indian Spot-billed Duck,"Shahapur Lake, Shahapur,Maharashtra State Highway 188, Maharashtra, IN (20.722, 75.803)",20.7219,75.8031,10/10/2020,https://cdn.download.ams.birds.cornell.edu/api/v1/asset/
Anas poecilorhyncha,Indian Spot-billed Duck,"Shahapur Lake, Shahapur,Maharashtra State Highway 188, Maharashtra, IN (20.722, 75.803)",20.7219,75.8031,10/10/2020,https://cdn.download.ams.birds.cornell.edu/api/v1/asset/
Anas poecilorhyncha,Indian Spot-billed Duck,"Shahapur Lake, Shahapur,Maharashtra State Highway 188, Maharashtra, IN (20.722, 75.803)",20.7219,75.8031,10/10/2020,https://cdn.download.ams.birds.cornell.edu/api/v1/asset/
Anas poecilorhyncha,Indian Spot-billed Duck,"Godzilla Park Lake, Mumbai, Maharashtra",19.2019,72.8191,12/02/2019,https://cdn.download.ams.birds.cornell.edu/api/v1/asset/
Anas poecilorhyncha,Indian Spot-billed Duck,"Sector 17, Kharghar",19.0492,73.0846,13/06/2020,https://cdn.download.ams.birds.cornell.edu/api/v1/asset/
Anas poecilorhyncha,Indian Spot-billed Duck,Sarola Baddi road,19.0825,74.8333,10/10/2020,https://cdn.download.ams.birds.cornell.edu/api/v1/asset/
Anas poecilorhyncha,Indian Spot-billed Duck,"Sector 17, Kharghar",19.0492,73.0846,09/02/2020,https://cdn.download.ams.birds.cornell.edu/api/v1/asset/
Anas poecilorhyncha,Indian Spot-billed Duck,"Panje, Uran",18.908,72.9492,03/10/2020,https://cdn.download.ams.birds.cornell.edu/api/v1/asset/
Anas poecilorhyncha,Indian Spot-billed Duck,Bhandup Pumping Station,19.1506,72.9565,02/10/2020,https://cdn.download.ams.birds.cornell.edu/api/v1/asset/
Anas poecilorhyncha,Indian Spot-billed Duck,Kapurwadi lake,19.1168,74.7798,02/10/2020,https://cdn.download.ams.birds.cornell.edu/api/v1/asset/
Anas poecilorhyncha,Indian Spot-billed Duck,"Bhandup Pumping Station, Mumbai",19.1411,72.961,01/10/2020,https://cdn.download.ams.birds.cornell.edu/api/v1/asset/
Anas poecilorhyncha,Indian Spot-billed Duck,"Sector 17, Kharghar",19.0492,73.0846,18/12/2019,https://cdn.download.ams.birds.cornell.edu/api/v1/asset/
Anas poecilorhyncha,Indian Spot-billed Duck,"Sector 17, Kharghar",19.0492,73.0846,01/12/2019,https://cdn.download.ams.birds.cornell.edu/api/v1/asset/
Anas poecilorhyncha,Indian Spot-billed Duck,"Sector 17, Kharghar",19.0492,73.0846,23/11/2019,https://cdn.download.ams.birds.cornell.edu/api/v1/asset/
Anas poecilorhyncha,Indian Spot-billed Duck,"Sector 28, Kharghar",19.0586,73.0865,30/10/2019,https://cdn.download.ams.birds.cornell.edu/api/v1/asset/
Anas poecilorhyncha,Indian Spot-billed Duck,"Mihan, Nagpur",21.0773,79.0461,29/06/2020,https://cdn.download.ams.birds.cornell.edu/api/v1/asset/
Anas poecilorhyncha,Indian Spot-billed Duck,"Mahakal To Surgaon Road, Maharashtra, IN (20.795, 78.637)",20.7955,78.637,21/09/2020,https://cdn.download.ams.birds.cornell.edu/api/v1/asset/
Anas poecilorhyncha,Indian Spot-billed Duck,Kapurwadi lake,19.1168,74.7798,08/07/2020,https://cdn.download.ams.birds.cornell.edu/api/v1/asset/
Anas poecilorhyncha,Indian Spot-billed Duck,Kapurwadi lake,19.1168,74.7798,08/07/2020,https://cdn.download.ams.birds.cornell.edu/api/v1/asset/
Anas poecilorhyncha,Indian Spot-billed Duck,"Mhasoba Wadi, Maharashtra, IN (19.073, 74.632)",19.0728,74.6321,06/09/2020,https://cdn.download.ams.birds.cornell.edu/api/v1/asset/
Anas poecilorhyncha,Indian Spot-billed Duck,"Mhasoba Wadi, Maharashtra, IN (19.073, 74.632)",19.0728,74.6321,06/09/2020,https://cdn.download.ams.birds.cornell.edu/api/v1/asset/
Anas poecilorhyncha,Indian Spot-billed Duck,"Bahula Dam , Backwater,Pachora Road, Goradkhede Bk., Maharashtra, IN (20.676, 75.401)",20.6759,75.4014,02/09/2020,https://cdn.download.ams.birds.cornell.edu/api/v1/asset/
Anas poecilorhyncha,Indian Spot-billed Duck,"Salim Ali Lake, Aurangabad",19.8987,75.3436,01/09/2020,https://cdn.download.ams.birds.cornell.edu/api/v1/asset/
Anas poecilorhyncha,Indian Spot-billed Duck,"Salim Ali Lake, Aurangabad",19.8987,75.3436,01/09/2020,https://cdn.download.ams.birds.cornell.edu/api/v1/asset/
Anas poecilorhyncha,Indian Spot-billed Duck,"Salim Ali Lake, Aurangabad",19.8987,75.3436,01/09/2020,https://cdn.download.ams.birds.cornell.edu/api/v1/asset/
Anas poecilorhyncha,Indian Spot-billed Duck,"Madhai Devi Mandir,Bhadgaon Road, Maharashtra, IN (20.502, 75.095)",20.5024,75.0949,31/08/2020,https://cdn.download.ams.birds.cornell.edu/api/v1/asset/
Anas poecilorhyncha,Indian Spot-billed Duck,"Maharashtra State Highway 4, Maharashtra, IN (21.244, 75.272)",21.2443,75.2721,02/09/2020,https://cdn.download.ams.birds.cornell.edu/api/v1/asset/
Anas poecilorhyncha,Indian Spot-billed Duck,"Pashan Lake, Pune",18.5318,73.7854,06/12/2019,https://cdn.download.ams.birds.cornell.edu/api/v1/asset/
Anas poecilorhyncha,Indian Spot-billed Duck,"Ash Bund Road, Fulgaon, Maharashtra, IN (21.001, 75.87)",21.001,75.8704,11/08/2020,https://cdn.download.ams.birds.cornell.edu/api/v1/asset/
Anas poecilorhyncha,Indian Spot-billed Duck,Back Water Lake,20.7837,79.5127,27/07/2020,https://cdn.download.ams.birds.cornell.edu/api/v1/asset/
Anas poecilorhyncha,Indian Spot-billed Duck,Khadakwasla Dam,18.4295,73.758,25/07/2020,https://cdn.download.ams.birds.cornell.edu/api/v1/asset/
Anas poecilorhyncha,Indian Spot-billed Duck,Khadakwasla Dam,18.4295,73.758,25/07/2020,https://cdn.download.ams.birds.cornell.edu/api/v1/asset/
Anas poecilorhyncha,Indian Spot-billed Duck,Today Shivam,19.0126,73.0969,26/07/2020,https://cdn.download.ams.birds.cornell.edu/api/v1/asset/
Anas poecilorhyncha,Indian Spot-billed Duck,"Nagpur Rural, Nagpur IN-MH 21.14099, 78.76323",21.141,78.7632,26/07/2020,https://cdn.download.ams.birds.cornell.edu/api/v1/asset/
Anas poecilorhyncha,Indian Spot-billed Duck,"Mehrun Lake Jalgaon, Maharashtra, IN (20.978, 75.562)",20.9775,75.5623,21/07/2020,https://cdn.download.ams.birds.cornell.edu/api/v1/asset/
Anas poecilorhyncha,Indian Spot-billed Duck,"Shirsoli P.B., Maharashtra, IN (20.932, 75.541)",20.9324,75.5414,21/07/2020,https://cdn.download.ams.birds.cornell.edu/api/v1/asset/
Anas poecilorhyncha,Indian Spot-billed Duck,"Shirsoli P.B., Maharashtra, IN (20.932, 75.541)",20.9324,75.5414,21/07/2020,https://cdn.download.ams.birds.cornell.edu/api/v1/asset/
Anas poecilorhyncha,Indian Spot-billed Duck,"Mamurabad Road, Maharashtra, IN (21.034, 75.571)",21.0337,75.5708,17/07/2020,https://cdn.download.ams.birds.cornell.edu/api/v1/asset/
Anas poecilorhyncha,Indian Spot-billed Duck,"Mamurabad Road, Maharashtra, IN (21.034, 75.571)",21.0337,75.5708,17/07/2020,https://cdn.download.ams.birds.cornell.edu/api/v1/asset/
Anas poecilorhyncha,Indian Spot-billed Duck,"Mamurabad Road, Maharashtra, IN (21.034, 75.571)",21.0337,75.5708,17/07/2020,https://cdn.download.ams.birds.cornell.edu/api/v1/asset/
Anas poecilorhyncha,Indian Spot-billed Duck,"Saradwadi Road, Saradwadi, Maharashtra, IN (19.847, 73.967)",19.8468,73.9671,12/07/2020,https://cdn.download.ams.birds.cornell.edu/api/v1/asset/
Anas poecilorhyncha,Indian Spot-billed Duck,"Nakane Lake, Dhule",20.886,74.7273,18/02/2016,https://cdn.download.ams.birds.cornell.edu/api/v1/asset/
Anas poecilorhyncha,Indian Spot-billed Duck,"Meharun  Lake,Jalgaon, Maharashtra, IN (20.982, 75.566)",20.9824,75.5662,27/06/2020,https://cdn.download.ams.birds.cornell.edu/api/v1/asset/
Anas poecilorhyncha,Indian Spot-billed Duck,"Meharun  Lake,Jalgaon, Maharashtra, IN (20.982, 75.566)",20.9824,75.5662,27/06/2020,https://cdn.download.ams.birds.cornell.edu/api/v1/asset/
Anas poecilorhyncha,Indian Spot-billed Duck,"Bahula Dam,Back WaterPachora Road, Goradkhede Bk., Maharashtra, IN (20.681, 75.407)",20.6806,75.4069,22/06/2020,https://cdn.download.ams.birds.cornell.edu/api/v1/asset/
Anas poecilorhyncha,Indian Spot-billed Duck,"Bahula Dam,Back WaterPachora Road, Goradkhede Bk., Maharashtra, IN (20.681, 75.407)",20.6806,75.4069,22/06/2020,https://cdn.download.ams.birds.cornell.edu/api/v1/asset/
Anas poecilorhyncha,Indian Spot-billed Duck,"Bahula Dam,Back WaterPachora Road, Goradkhede Bk., Maharashtra, IN (20.681, 75.407)",20.6806,75.4069,22/06/2020,https://cdn.download.ams.birds.cornell.edu/api/v1/asset/
Anas poecilorhyncha,Indian Spot-billed Duck,"Bahula Dam,Back WaterPachora Road, Goradkhede Bk., Maharashtra, IN (20.681, 75.407)",20.6806,75.4069,22/06/2020,https://cdn.download.ams.birds.cornell.edu/api/v1/asset/
Anas poecilorhyncha,Indian Spot-billed Duck,"Anjani Dam,Maharashtra State Highway 25, Erandol Rural, Maharashtra, IN (20.897, 75.328)",20.8971,75.3283,22/06/2020,https://cdn.download.ams.birds.cornell.edu/api/v1/asset/
Anas poecilorhyncha,Indian Spot-billed Duck,"Anjani Dam,Maharashtra State Highway 25, Erandol Rural, Maharashtra, IN (20.897, 75.328)",20.8971,75.3283,22/06/2020,https://cdn.download.ams.birds.cornell.edu/api/v1/asset/
Anas poecilorhyncha,Indian Spot-billed Duck,"Anjani Dam,Maharashtra State Highway 25, Erandol Rural, Maharashtra, IN (20.897, 75.328)",20.8971,75.3283,22/06/2020,https://cdn.download.ams.birds.cornell.edu/api/v1/asset/
Anas poecilorhyncha,Indian Spot-billed Duck,Panchganga River,16.7134,74.22,10/05/2020,https://cdn.download.ams.birds.cornell.edu/api/v1/asset/
Anas poecilorhyncha,Indian Spot-billed Duck,"Kava Lake, Latur",18.3667,76.5766,14/09/2018,https://cdn.download.ams.birds.cornell.edu/api/v1/asset/
Anas poecilorhyncha,Indian Spot-billed Duck,"Terrace Of Jeevan Sarita, Tejpal Scheme",19.1068,72.8491,09/06/2020,https://cdn.download.ams.birds.cornell.edu/api/v1/asset/
Anas poecilorhyncha,Indian Spot-billed Duck,Kiraksal,17.6323,74.5659,08/06/2020,https://cdn.download.ams.birds.cornell.edu/api/v1/asset/
Anas poecilorhyncha,Indian Spot-billed Duck,Kiraksal,17.6323,74.5659,08/06/2020,https://cdn.download.ams.birds.cornell.edu/api/v1/asset/
Anas poecilorhyncha,Indian Spot-billed Duck,"Terrace Of Jeevan Sarita, Tejpal Scheme",19.1068,72.8491,30/05/2020,https://cdn.download.ams.birds.cornell.edu/api/v1/asset/
Anas poecilorhyncha,Indian Spot-billed Duck,"Terrace Of Jeevan Sarita, Tejpal Scheme",19.1068,72.8491,30/05/2020,https://cdn.download.ams.birds.cornell.edu/api/v1/asset/
Anas poecilorhyncha,Indian Spot-billed Duck,"Terrace Of Jeevan Sarita, Tejpal Scheme",19.1068,72.8491,30/05/2020,https://cdn.download.ams.birds.cornell.edu/api/v1/asset/
Anas poecilorhyncha,Indian Spot-billed Duck,Maruti Chitampalli Bird Park,21.1336,79.0177,15/05/2016,https://cdn.download.ams.birds.cornell.edu/api/v1/asset/
Anas poecilorhyncha,Indian Spot-billed Duck,Maruti Chitampalli Bird Park,21.1336,79.0177,15/05/2016,https://cdn.download.ams.birds.cornell.edu/api/v1/asset/
Anas poecilorhyncha,Indian Spot-billed Duck,Khadakwasla Dam,18.4295,73.758,14/12/2017,https://cdn.download.ams.birds.cornell.edu/api/v1/asset/
Anas poecilorhyncha,Indian Spot-billed Duck,"Terrace Of Jeevan Sarita, Tejpal Scheme",19.1068,72.8491,20/05/2020,https://cdn.download.ams.birds.cornell.edu/api/v1/asset/
Anas poecilorhyncha,Indian Spot-billed Duck,"Terrace Of Jeevan Sarita, Tejpal Scheme",19.1068,72.8491,20/05/2020,https://cdn.download.ams.birds.cornell.edu/api/v1/asset/
Anas poecilorhyncha,Indian Spot-billed Duck,"Eria Dam Road Moharli, Maharashtra, IN (20.189, 79.33)",20.189,79.3301,16/05/2020,https://cdn.download.ams.birds.cornell.edu/api/v1/asset/
Anas poecilorhyncha,Indian Spot-billed Duck,Pagote - Uran,18.8951,72.9945,08/05/2020,https://cdn.download.ams.birds.cornell.edu/api/v1/asset/
Anas poecilorhyncha,Indian Spot-billed Duck,"Unnamed Road, Mudholi, Maharashtra, IN (20.255, 79.293)",20.2552,79.2935,30/04/2020,https://cdn.download.ams.birds.cornell.edu/api/v1/asset/
Anas poecilorhyncha,Indian Spot-billed Duck,Bhigwan -- Dhumalwadicha Naalaa,18.2996,74.7644,18/05/2016,https://cdn.download.ams.birds.cornell.edu/api/v1/asset/
Anas poecilorhyncha,Indian Spot-billed Duck,Bhigwan -- Dhumalwadicha Naalaa,18.2996,74.7644,18/05/2016,https://cdn.download.ams.birds.cornell.edu/api/v1/asset/
Anas poecilorhyncha,Indian Spot-billed Duck,Bhigwan -- Dhumalwadicha Naalaa,18.2996,74.7644,18/05/2016,https://cdn.download.ams.birds.cornell.edu/api/v1/asset/
Anas poecilorhyncha,Indian Spot-billed Duck,Bhigwan -- Dhumalwadicha Naalaa,18.2996,74.7644,18/05/2016,https://cdn.download.ams.birds.cornell.edu/api/v1/asset/
Anas poecilorhyncha,Indian Spot-billed Duck,"Moharli, Chandrapur",20.1904,79.3318,16/02/2020,https://cdn.download.ams.birds.cornell.edu/api/v1/asset/
Anas poecilorhyncha,Indian Spot-billed Duck,ARAI Hills (Vetal Tekdi),18.5279,73.8175,10/09/2018,https://cdn.download.ams.birds.cornell.edu/api/v1/asset/
Anas poecilorhyncha,Indian Spot-billed Duck,Bhigwan -- Kumbhargaon Bird Sanctuary,18.2887,74.776,03/11/2018,https://cdn.download.ams.birds.cornell.edu/api/v1/asset/
Anas poecilorhyncha,Indian Spot-billed Duck,ARAI Hills (Vetal Tekdi),18.5279,73.8175,21/10/2019,https://cdn.download.ams.birds.cornell.edu/api/v1/asset/
Anas poecilorhyncha,Indian Spot-billed Duck,ARAI Hills (Vetal Tekdi),18.5279,73.8175,21/10/2019,https://cdn.download.ams.birds.cornell.edu/api/v1/asset/
Anas poecilorhyncha,Indian Spot-billed Duck,Nandur-Madhyameshwar bird sanctuary,20.0069,74.1189,21/03/2019,https://cdn.download.ams.birds.cornell.edu/api/v1/asset/
Anas poecilorhyncha,Indian Spot-billed Duck,"Umela swamps, Vasai",19.365,72.8224,18/03/2020,https://cdn.download.ams.birds.cornell.edu/api/v1/asset/
Anas poecilorhyncha,Indian Spot-billed Duck,Mula River -- Baner,18.5648,73.7945,17/03/2020,https://cdn.download.ams.birds.cornell.edu/api/v1/asset/
Anas poecilorhyncha,Indian Spot-billed Duck,Mula River -- Baner,18.5648,73.7945,17/03/2020,https://cdn.download.ams.birds.cornell.edu/api/v1/asset/
Anas poecilorhyncha,Indian Spot-billed Duck,Mula River -- Baner,18.5648,73.7945,17/03/2020,https://cdn.download.ams.birds.cornell.edu/api/v1/asset/
Anas poecilorhyncha,Indian Spot-billed Duck,Mula River -- Baner,18.5648,73.7945,12/03/2020,https://cdn.download.ams.birds.cornell.edu/api/v1/asset/
Anas poecilorhyncha,Indian Spot-billed Duck,"Bhandup Pumping Station, Mumbai",19.1411,72.961,24/10/2019,https://cdn.download.ams.birds.cornell.edu/api/v1/asset/
Anas poecilorhyncha,Indian Spot-billed Duck,Nandur-Madhyameshwar bird sanctuary,20.0069,74.1189,02/03/2020,https://cdn.download.ams.birds.cornell.edu/api/v1/asset/
Anas poecilorhyncha,Indian Spot-billed Duck,Bhandup Pumping Station,19.1411,72.9613,07/07/2016,https://cdn.download.ams.birds.cornell.edu/api/v1/asset/
Anas poecilorhyncha,Indian Spot-billed Duck,Symbiosis International University--Director's Bungalow,18.5322,73.7378,16/03/2020,https://cdn.download.ams.birds.cornell.edu/api/v1/asset/
Anas poecilorhyncha,Indian Spot-billed Duck,Mula River -- Baner,18.5648,73.7945,14/03/2020,https://cdn.download.ams.birds.cornell.edu/api/v1/asset/
Anas poecilorhyncha,Indian Spot-billed Duck,"Nimkhedi Road , Jalgaon, Maharashtra, IN (21.022, 75.517)",21.0222,75.5167,15/03/2020,https://cdn.download.ams.birds.cornell.edu/api/v1/asset/
Anas poecilorhyncha,Indian Spot-billed Duck,"Nimkhedi Road , Jalgaon, Maharashtra, IN (21.022, 75.517)",21.0222,75.5167,15/03/2020,https://cdn.download.ams.birds.cornell.edu/api/v1/asset/
Anas poecilorhyncha,Indian Spot-billed Duck,"Nimkhedi Road , Jalgaon, Maharashtra, IN (21.022, 75.517)",21.0222,75.5167,15/03/2020,https://cdn.download.ams.birds.cornell.edu/api/v1/asset/
Anas poecilorhyncha,Indian Spot-billed Duck,"Meharun Lake  Jalgaon, Maharashtra, IN (20.98, 75.565)",20.9798,75.5647,08/03/2020,https://cdn.download.ams.birds.cornell.edu/api/v1/asset/
Anas poecilorhyncha,Indian Spot-billed Duck,Tapti River--behind BTPS,21.0602,75.8353,06/03/2020,https://cdn.download.ams.birds.cornell.edu/api/v1/asset/
Anas poecilorhyncha,Indian Spot-billed Duck,"Pune, Maharashtra, IN (18.547, 73.889)",18.5472,73.8894,04/03/2020,https://cdn.download.ams.birds.cornell.edu/api/v1/asset/
Anas poecilorhyncha,Indian Spot-billed Duck,Korambi Lake,20.6001,79.5824,28/02/2020,https://cdn.download.ams.birds.cornell.edu/api/v1/asset/
Anas poecilorhyncha,Indian Spot-billed Duck,Lokhandwala Lake--Mangroves,19.1438,72.8183,11/01/2020,https://cdn.download.ams.birds.cornell.edu/api/v1/asset/
Anas poecilorhyncha,Indian Spot-billed Duck,Lokhandwala Lake--Mangroves,19.1438,72.8183,11/01/2020,https://cdn.download.ams.birds.cornell.edu/api/v1/asset/
Anas poecilorhyncha,Indian Spot-billed Duck,Lokhandwala Lake--Mangroves,19.1438,72.8183,11/01/2020,https://cdn.download.ams.birds.cornell.edu/api/v1/asset/
Anas poecilorhyncha,Indian Spot-billed Duck,"Sudgaon, Maharashtra, IN (21.057, 75.842)",21.0573,75.8418,25/02/2020,https://cdn.download.ams.birds.cornell.edu/api/v1/asset/
Anas poecilorhyncha,Indian Spot-billed Duck,"Sudgaon, Maharashtra, IN (21.057, 75.842)",21.0573,75.8418,25/02/2020,https://cdn.download.ams.birds.cornell.edu/api/v1/asset/
Anas poecilorhyncha,Indian Spot-billed Duck,"Sudgaon, Maharashtra, IN (21.057, 75.842)",21.0573,75.8418,25/02/2020,https://cdn.download.ams.birds.cornell.edu/api/v1/asset/
Anas poecilorhyncha,Indian Spot-billed Duck,"Sudgaon, Maharashtra, IN (21.057, 75.842)",21.0573,75.8418,25/02/2020,https://cdn.download.ams.birds.cornell.edu/api/v1/asset/
Anas poecilorhyncha,Indian Spot-billed Duck,"Sudgaon, Maharashtra, IN (21.057, 75.842)",21.0573,75.8418,25/02/2020,https://cdn.download.ams.birds.cornell.edu/api/v1/asset/
Anas poecilorhyncha,Indian Spot-billed Duck,"Sudgaon, Maharashtra, IN (21.057, 75.842)",21.0573,75.8418,25/02/2020,https://cdn.download.ams.birds.cornell.edu/api/v1/asset/
Anas poecilorhyncha,Indian Spot-billed Duck,"Sudgaon, Maharashtra, IN (21.057, 75.842)",21.0573,75.8418,25/02/2020,https://cdn.download.ams.birds.cornell.edu/api/v1/asset/
Anas poecilorhyncha,Indian Spot-billed Duck,Korambi Lake,20.6001,79.5824,20/02/2019,https://cdn.download.ams.birds.cornell.edu/api/v1/asset/
Anas poecilorhyncha,Indian Spot-billed Duck,"Pashan Lake, Pashan, Pune",18.5346,73.7895,02/02/2020,https://cdn.download.ams.birds.cornell.edu/api/v1/asset/
Anas poecilorhyncha,Indian Spot-billed Duck,Shivnala Lake,20.6894,79.6905,16/02/2020,https://cdn.download.ams.birds.cornell.edu/api/v1/asset/
Anas poecilorhyncha,Indian Spot-billed Duck,"Kranti Flamingo Point (Bhigwan Bird Watching, Kumbhargaon Bird S",18.2634,74.8042,13/02/2020,https://cdn.download.ams.birds.cornell.edu/api/v1/asset/
Anas poecilorhyncha,Indian Spot-billed Duck,"kumbhargoan dock, Kumbhargaon, Maharashtra, IN (18.273, 74.796)",18.2726,74.7958,24/01/2020,https://cdn.download.ams.birds.cornell.edu/api/v1/asset/
Anas poecilorhyncha,Indian Spot-billed Duck,"kumbhargoan dock, Kumbhargaon, Maharashtra, IN (18.273, 74.796)",18.2726,74.7958,24/01/2020,https://cdn.download.ams.birds.cornell.edu/api/v1/asset/
Anas poecilorhyncha,Indian Spot-billed Duck,"kumbhargoan dock, Kumbhargaon, Maharashtra, IN (18.273, 74.796)",18.2726,74.7958,24/01/2020,https://cdn.download.ams.birds.cornell.edu/api/v1/asset/
Anas poecilorhyncha,Indian Spot-billed Duck,"kumbhargoan dock, Kumbhargaon, Maharashtra, IN (18.273, 74.796)",18.2726,74.7958,24/01/2020,https://cdn.download.ams.birds.cornell.edu/api/v1/asset/
Anas poecilorhyncha,Indian Spot-billed Duck,"Upper lake , CME, Pune",18.6063,73.8484,17/02/2019,https://cdn.download.ams.birds.cornell.edu/api/v1/asset/
Anas poecilorhyncha,Indian Spot-billed Duck,Nandur-Madhyameshwar bird sanctuary,20.0069,74.1189,12/01/2020,https://cdn.download.ams.birds.cornell.edu/api/v1/asset/
Anas poecilorhyncha,Indian Spot-billed Duck,"Pimpri-Chinchwad, Maharashtra, IN (18.626, 73.812)",18.6264,73.8122,31/01/2020,https://cdn.download.ams.birds.cornell.edu/api/v1/asset/
Anas poecilorhyncha,Indian Spot-billed Duck,Hatnur Dam (IBA)--Khamkhed,21.057,76.0642,19/01/2020,https://cdn.download.ams.birds.cornell.edu/api/v1/asset/
Anas poecilorhyncha,Indian Spot-billed Duck,Hatnur Dam (IBA)--Khamkhed,21.057,76.0642,19/01/2020,https://cdn.download.ams.birds.cornell.edu/api/v1/asset/
Anas poecilorhyncha,Indian Spot-billed Duck,"Shirsoli P.B., Maharashtra, IN (20.933, 75.541)",20.9325,75.5414,13/01/2020,https://cdn.download.ams.birds.cornell.edu/api/v1/asset/
Anas poecilorhyncha,Indian Spot-billed Duck,Seawoods--Navi Mumbai,19.0101,73.0094,01/01/2020,https://cdn.download.ams.birds.cornell.edu/api/v1/asset/
Anas poecilorhyncha,Indian Spot-billed Duck,Hatnur Dam (IBA)--Khamkhed,21.057,76.0642,31/12/2019,https://cdn.download.ams.birds.cornell.edu/api/v1/asset/
Anas poecilorhyncha,Indian Spot-billed Duck,"Pinpal gaon, Highway 188, Fattepur, Maharashtra, IN (20.647, 75.911)",20.6469,75.9107,15/12/2019,https://cdn.download.ams.birds.cornell.edu/api/v1/asset/
Anas poecilorhyncha,Indian Spot-billed Duck,Mula River -- Baner,18.5648,73.7945,08/10/2019,https://cdn.download.ams.birds.cornell.edu/api/v1/asset/
Anas poecilorhyncha,Indian Spot-billed Duck,Saatpool,19.2348,73.0742,14/01/2018,https://cdn.download.ams.birds.cornell.edu/api/v1/asset/
Anas poecilorhyncha,Indian Spot-billed Duck,"Gorewada Lake, Nagpur",21.1973,79.0381,08/12/2019,https://cdn.download.ams.birds.cornell.edu/api/v1/asset/
Anas poecilorhyncha,Indian Spot-billed Duck,"Gorewada Lake, Nagpur",21.1973,79.0381,08/12/2019,https://cdn.download.ams.birds.cornell.edu/api/v1/asset/
Anas poecilorhyncha,Indian Spot-billed Duck,Kashyapi Dam,20.0769,73.5998,22/11/2018,https://cdn.download.ams.birds.cornell.edu/api/v1/asset/
Anas poecilorhyncha,Indian Spot-billed Duck,ARAI Hill,18.5238,73.8148,20/11/2019,https://cdn.download.ams.birds.cornell.edu/api/v1/asset/
Anas poecilorhyncha,Indian Spot-billed Duck,Kalewadi,18.2332,74.8622,14/11/2018,https://cdn.download.ams.birds.cornell.edu/api/v1/asset/
Anas poecilorhyncha,Indian Spot-billed Duck,Kalewadi,18.2332,74.8622,14/11/2018,https://cdn.download.ams.birds.cornell.edu/api/v1/asset/
Anas poecilorhyncha,Indian Spot-billed Duck,Kalewadi,18.2332,74.8622,13/11/2018,https://cdn.download.ams.birds.cornell.edu/api/v1/asset/
Anas poecilorhyncha,Indian Spot-billed Duck,Mayureshwar WLS,18.3469,74.3656,30/09/2019,https://cdn.download.ams.birds.cornell.edu/api/v1/asset/
Anas poecilorhyncha,Indian Spot-billed Duck,Mayureshwar WLS,18.3469,74.3656,30/09/2019,https://cdn.download.ams.birds.cornell.edu/api/v1/asset/
Anas poecilorhyncha,Indian Spot-billed Duck,Mayureshwar WLS,18.3469,74.3656,30/09/2019,https://cdn.download.ams.birds.cornell.edu/api/v1/asset/
Anas poecilorhyncha,Indian Spot-billed Duck,Mayureshwar WLS,18.3469,74.3656,30/09/2019,https://cdn.download.ams.birds.cornell.edu/api/v1/asset/
Anas poecilorhyncha,Indian Spot-billed Duck,Bhigwan -- Kumbhargaon Bird Sanctuary,18.2887,74.776,17/06/2018,https://cdn.download.ams.birds.cornell.edu/api/v1/asset/
Anas poecilorhyncha,Indian Spot-billed Duck,"Upper lake , CME, Pune",18.6063,73.8484,06/03/2019,https://cdn.download.ams.birds.cornell.edu/api/v1/asset/
Anas poecilorhyncha,Indian Spot-billed Duck,"Umela swamps, Vasai",19.365,72.8224,25/06/2019,https://cdn.download.ams.birds.cornell.edu/api/v1/asset/
Anas poecilorhyncha,Indian Spot-billed Duck,"Umela swamps, Vasai",19.365,72.8224,25/06/2019,https://cdn.download.ams.birds.cornell.edu/api/v1/asset/
Anas poecilorhyncha,Indian Spot-billed Duck,"Bhandup Pumping Station, Mumbai",19.1411,72.961,25/05/2019,https://cdn.download.ams.birds.cornell.edu/api/v1/asset/
Anas poecilorhyncha,Indian Spot-billed Duck,Moti Talab (Lake),19.8401,75.8656,22/04/2019,https://cdn.download.ams.birds.cornell.edu/api/v1/asset/
Anas poecilorhyncha,Indian Spot-billed Duck,"(19.167, 73.055) Padle Dombivli",19.167,73.055,12/05/2019,https://cdn.download.ams.birds.cornell.edu/api/v1/asset/
Anas poecilorhyncha,Indian Spot-billed Duck,"(19.167, 73.055) Padle Dombivli",19.167,73.055,12/05/2019,https://cdn.download.ams.birds.cornell.edu/api/v1/asset/
Anas poecilorhyncha,Indian Spot-billed Duck,"(19.168, 73.115)Palava, Badlapur Pipeline Road, Dombivali, Maharashtra",19.2307,72.8549,12/05/2019,https://cdn.download.ams.birds.cornell.edu/api/v1/asset/
Anas poecilorhyncha,Indian Spot-billed Duck,Tapti River--behind BTPS,21.0602,75.8353,16/05/2019,https://cdn.download.ams.birds.cornell.edu/api/v1/asset/
Anas poecilorhyncha,Indian Spot-billed Duck,Tapti River--behind BTPS,21.0602,75.8353,16/05/2019,https://cdn.download.ams.birds.cornell.edu/api/v1/asset/
Anas poecilorhyncha,Indian Spot-billed Duck,Tapti River--behind BTPS,21.0602,75.8353,16/05/2019,https://cdn.download.ams.birds.cornell.edu/api/v1/asset/
Anas poecilorhyncha,Indian Spot-billed Duck,Tapti River--behind BTPS,21.0602,75.8353,16/05/2019,https://cdn.download.ams.birds.cornell.edu/api/v1/asset/
Anas poecilorhyncha,Indian Spot-billed Duck,Kolshet Creek,19.2452,72.9979,01/05/2019,https://cdn.download.ams.birds.cornell.edu/api/v1/asset/
Anas poecilorhyncha,Indian Spot-billed Duck,"Pashan Lake, Pune",18.5318,73.7854,14/04/2019,https://cdn.download.ams.birds.cornell.edu/api/v1/asset/
Anas poecilorhyncha,Indian Spot-billed Duck,"kumbhargoan dock, Kumbhargaon, Maharashtra, IN (18.272, 74.795)",18.2724,74.7953,23/03/2019,https://cdn.download.ams.birds.cornell.edu/api/v1/asset/
Anas poecilorhyncha,Indian Spot-billed Duck,Indian Institute of Technology (IIT) Bombay,19.1279,72.9136,21/03/2019,https://cdn.download.ams.birds.cornell.edu/api/v1/asset/
Anas poecilorhyncha,Indian Spot-billed Duck,"Salim Ali Lake, Aurangabad",19.8987,75.3436,03/03/2019,https://cdn.download.ams.birds.cornell.edu/api/v1/asset/
Anas poecilorhyncha,Indian Spot-billed Duck,"Turzon Lake, Mumbai, Maharashtra, IN (19.218, 72.814)",19.2179,72.8141,21/03/2019,https://cdn.download.ams.birds.cornell.edu/api/v1/asset/
Anas poecilorhyncha,Indian Spot-billed Duck,Satpool Wetlands,19.2353,73.0761,02/03/2019,https://cdn.download.ams.birds.cornell.edu/api/v1/asset/
Anas poecilorhyncha,Indian Spot-billed Duck,Lokhandwala Lake--Mangroves,19.1438,72.8183,19/02/2019,https://cdn.download.ams.birds.cornell.edu/api/v1/asset/
Anas poecilorhyncha,Indian Spot-billed Duck,Lokhandwala Lake--Mangroves,19.1438,72.8183,17/02/2019,https://cdn.download.ams.birds.cornell.edu/api/v1/asset/
Anas poecilorhyncha,Indian Spot-billed Duck,Lokhandwala Lake--Mangroves,19.1438,72.8183,17/02/2019,https://cdn.download.ams.birds.cornell.edu/api/v1/asset/
Anas poecilorhyncha,Indian Spot-billed Duck,Lokhandwala Lake--Mangroves,19.1438,72.8183,17/02/2019,https://cdn.download.ams.birds.cornell.edu/api/v1/asset/
Anas poecilorhyncha,Indian Spot-billed Duck,"Tarzon Lake, Charkop",19.2172,72.8138,27/01/2019,https://cdn.download.ams.birds.cornell.edu/api/v1/asset/
Anas poecilorhyncha,Indian Spot-billed Duck,"Upper lake , CME, Pune",18.6063,73.8484,02/03/2019,https://cdn.download.ams.birds.cornell.edu/api/v1/asset/
Anas poecilorhyncha,Indian Spot-billed Duck,"Telhara Reservoir, Nagpur",21.0643,79.014,15/02/2019,https://cdn.download.ams.birds.cornell.edu/api/v1/asset/
Anas poecilorhyncha,Indian Spot-billed Duck,Nandur-Madhyameshwar bird sanctuary,20.0069,74.1189,16/02/2019,https://cdn.download.ams.birds.cornell.edu/api/v1/asset/
Anas poecilorhyncha,Indian Spot-billed Duck,Bhigwan -- Kumbhargaon Bird Sanctuary,18.2887,74.776,15/02/2019,https://cdn.download.ams.birds.cornell.edu/api/v1/asset/
Anas poecilorhyncha,Indian Spot-billed Duck,makkah shahi masjid,18.2207,74.8703,25/09/2018,https://cdn.download.ams.birds.cornell.edu/api/v1/asset/
Anas poecilorhyncha,Indian Spot-billed Duck,makkah shahi masjid,18.2207,74.8703,25/09/2018,https://cdn.download.ams.birds.cornell.edu/api/v1/asset/
Anas poecilorhyncha,Indian Spot-billed Duck,Indian Institute of Technology (IIT) Bombay,19.1279,72.9136,10/02/2019,https://cdn.download.ams.birds.cornell.edu/api/v1/asset/
Anas poecilorhyncha,Indian Spot-billed Duck,Indian Institute of Technology (IIT) Bombay,19.1279,72.9136,10/02/2019,https://cdn.download.ams.birds.cornell.edu/api/v1/asset/
Anas poecilorhyncha,Indian Spot-billed Duck,Dalaj,18.2352,74.8304,01/09/2018,https://cdn.download.ams.birds.cornell.edu/api/v1/asset/
Anas poecilorhyncha,Indian Spot-billed Duck,Khadakwasla Dam,18.4295,73.758,03/11/2018,https://cdn.download.ams.birds.cornell.edu/api/v1/asset/
Anas poecilorhyncha,Indian Spot-billed Duck,Khadakwasla Dam,18.4295,73.758,03/11/2018,https://cdn.download.ams.birds.cornell.edu/api/v1/asset/
Anas poecilorhyncha,Indian Spot-billed Duck,Khadakwasla Dam,18.4295,73.758,03/11/2018,https://cdn.download.ams.birds.cornell.edu/api/v1/asset/
Anas poecilorhyncha,Indian Spot-billed Duck,Khadakwasla Dam,18.4295,73.758,03/11/2018,https://cdn.download.ams.birds.cornell.edu/api/v1/asset/
Anas poecilorhyncha,Indian Spot-billed Duck,Khadakwasla Dam,18.4295,73.758,02/10/2018,https://cdn.download.ams.birds.cornell.edu/api/v1/asset/
Anas poecilorhyncha,Indian Spot-billed Duck,Khadakwasla Dam,18.4295,73.758,25/06/2018,https://cdn.download.ams.birds.cornell.edu/api/v1/asset/
Anas poecilorhyncha,Indian Spot-billed Duck,Khadakwasla Dam,18.4295,73.758,25/06/2018,https://cdn.download.ams.birds.cornell.edu/api/v1/asset/
Anas poecilorhyncha,Indian Spot-billed Duck,Khadakwasla Dam,18.4295,73.758,25/06/2018,https://cdn.download.ams.birds.cornell.edu/api/v1/asset/
Anas poecilorhyncha,Indian Spot-billed Duck,Khadakwasla Dam,18.4295,73.758,29/11/2017,https://cdn.download.ams.birds.cornell.edu/api/v1/asset/
Anas poecilorhyncha,Indian Spot-billed Duck,Takrarwadi-Madanwadi,18.2844,74.7559,25/09/2018,https://cdn.download.ams.birds.cornell.edu/api/v1/asset/
Anas poecilorhyncha,Indian Spot-billed Duck,Bhigwan -- Kumbhargaon Bird Sanctuary,18.2887,74.776,03/02/2019,https://cdn.download.ams.birds.cornell.edu/api/v1/asset/
Anas poecilorhyncha,Indian Spot-billed Duck,"Pashan Lake, Pune",18.5318,73.7854,31/01/2019,https://cdn.download.ams.birds.cornell.edu/api/v1/asset/
Anas poecilorhyncha,Indian Spot-billed Duck,"Pashan Lake, Pune",18.5318,73.7854,31/01/2019,https://cdn.download.ams.birds.cornell.edu/api/v1/asset/
Anas poecilorhyncha,Indian Spot-billed Duck,Yashwant Gaurav,19.438,72.8121,02/02/2019,https://cdn.download.ams.birds.cornell.edu/api/v1/asset/
Anas poecilorhyncha,Indian Spot-billed Duck,Khadakwasla Dam,18.4295,73.758,26/01/2019,https://cdn.download.ams.birds.cornell.edu/api/v1/asset/
Anas poecilorhyncha,Indian Spot-billed Duck,Khadakwasla Dam,18.4295,73.758,26/01/2019,https://cdn.download.ams.birds.cornell.edu/api/v1/asset/
Anas poecilorhyncha,Indian Spot-billed Duck,"Powai Lake, Mumbai",19.1208,72.9024,25/01/2019,https://cdn.download.ams.birds.cornell.edu/api/v1/asset/
Anas poecilorhyncha,Indian Spot-billed Duck,Tarzon lake,19.2183,72.8144,20/01/2019,https://cdn.download.ams.birds.cornell.edu/api/v1/asset/
Anas poecilorhyncha,Indian Spot-billed Duck,Kavdi Pat,18.5054,74.0006,28/10/2017,https://cdn.download.ams.birds.cornell.edu/api/v1/asset/
Anas poecilorhyncha,Indian Spot-billed Duck,Takrarwadi-Madanwadi,18.2844,74.7559,11/11/2017,https://cdn.download.ams.birds.cornell.edu/api/v1/asset/
Anas poecilorhyncha,Indian Spot-billed Duck,"Kasarsai Dam, Pune",18.6193,73.6603,16/01/2019,https://cdn.download.ams.birds.cornell.edu/api/v1/asset/
Anas poecilorhyncha,Indian Spot-billed Duck,"Turzon Hill Lake, Charkop, Mumbai",19.2183,72.8142,16/01/2019,https://cdn.download.ams.birds.cornell.edu/api/v1/asset/
Anas poecilorhyncha,Indian Spot-billed Duck,"Turzon Hill Lake, Charkop, Mumbai",19.2183,72.8142,16/01/2019,https://cdn.download.ams.birds.cornell.edu/api/v1/asset/
Anas poecilorhyncha,Indian Spot-billed Duck,Lokhandwala Lake--Mangroves,19.1438,72.8183,09/01/2019,https://cdn.download.ams.birds.cornell.edu/api/v1/asset/
Anas poecilorhyncha,Indian Spot-billed Duck,Lokhandwala Lake--Mangroves,19.1438,72.8183,09/01/2019,https://cdn.download.ams.birds.cornell.edu/api/v1/asset/
Anas poecilorhyncha,Indian Spot-billed Duck,Bhigwan -- Kumbhargaon Bird Sanctuary,18.2887,74.776,21/12/2018,https://cdn.download.ams.birds.cornell.edu/api/v1/asset/
Anas poecilorhyncha,Indian Spot-billed Duck,"RSC-5 Inner Road (Turzon Point), Mumbai, Maharashtra, IN (19.217, 72.814)",19.2166,72.8144,13/01/2019,https://cdn.download.ams.birds.cornell.edu/api/v1/asset/
Anas poecilorhyncha,Indian Spot-billed Duck,"Mumbai, Maharashtra, IN (19.219, 72.815)",19.219,72.8153,04/01/2019,https://cdn.download.ams.birds.cornell.edu/api/v1/asset/
Anas poecilorhyncha,Indian Spot-billed Duck,"Mumbai, Maharashtra, IN (19.219, 72.815)",19.219,72.8153,04/01/2019,https://cdn.download.ams.birds.cornell.edu/api/v1/asset/
Anas poecilorhyncha,Indian Spot-billed Duck,"Mumbai, Maharashtra, IN (19.219, 72.815)",19.219,72.8153,04/01/2019,https://cdn.download.ams.birds.cornell.edu/api/v1/asset/
Anas poecilorhyncha,Indian Spot-billed Duck,"(19.145, 72.962)",19.145,72.9623,15/12/2018,https://cdn.download.ams.birds.cornell.edu/api/v1/asset/
Anas poecilorhyncha,Indian Spot-billed Duck,"Mehrun LakeJalgaon, Maharashtra, IN (20.983, 75.561)",20.9826,75.5615,30/12/2018,https://cdn.download.ams.birds.cornell.edu/api/v1/asset/
Anas poecilorhyncha,Indian Spot-billed Duck,Tadoba NP,20.2484,79.3607,02/04/2017,https://cdn.download.ams.birds.cornell.edu/api/v1/asset/
Anas poecilorhyncha,Indian Spot-billed Duck,Thakabai Lake,20.3131,79.6907,25/12/2018,https://cdn.download.ams.birds.cornell.edu/api/v1/asset/
Anas poecilorhyncha,Indian Spot-billed Duck,Thakabai Lake,20.3131,79.6907,25/12/2018,https://cdn.download.ams.birds.cornell.edu/api/v1/asset/
Anas poecilorhyncha,Indian Spot-billed Duck,Khadakwasla Dam,18.4295,73.758,21/12/2018,https://cdn.download.ams.birds.cornell.edu/api/v1/asset/
Anas poecilorhyncha,Indian Spot-billed Duck,"Sector 60 Road, Navi Mumbai IN-Maharashtra (19.0102,73.0094)",19.0102,73.0094,21/10/2018,https://cdn.download.ams.birds.cornell.edu/api/v1/asset/
Anas poecilorhyncha,Indian Spot-billed Duck,"Pashan Lake, Pune",18.5318,73.7854,09/12/2018,https://cdn.download.ams.birds.cornell.edu/api/v1/asset/
Anas poecilorhyncha,Indian Spot-billed Duck,"Mehrun Lake Jalgaon, Maharashtra, IN (20.978, 75.562)",20.9775,75.5623,03/12/2018,https://cdn.download.ams.birds.cornell.edu/api/v1/asset/
Anas poecilorhyncha,Indian Spot-billed Duck,"Mehrun Lake Jalgaon, Maharashtra, IN (20.978, 75.562)",20.9775,75.5623,21/11/2018,https://cdn.download.ams.birds.cornell.edu/api/v1/asset/
Anas poecilorhyncha,Indian Spot-billed Duck,"Bhandup Pumping Station, Mumbai",19.1411,72.961,17/11/2018,https://cdn.download.ams.birds.cornell.edu/api/v1/asset/
Anas poecilorhyncha,Indian Spot-billed Duck,"Bhandup Pumping Station, Mumbai",19.1411,72.961,20/10/2018,https://cdn.download.ams.birds.cornell.edu/api/v1/asset/
Anas poecilorhyncha,Indian Spot-billed Duck,Seawoods--Navi Mumbai,19.0101,73.0094,21/10/2018,https://cdn.download.ams.birds.cornell.edu/api/v1/asset/
Anas poecilorhyncha,Indian Spot-billed Duck,Seawoods--Navi Mumbai,19.0101,73.0094,21/10/2018,https://cdn.download.ams.birds.cornell.edu/api/v1/asset/
Anas poecilorhyncha,Indian Spot-billed Duck,Seawoods--Navi Mumbai,19.0101,73.0094,21/10/2018,https://cdn.download.ams.birds.cornell.edu/api/v1/asset/
Anas poecilorhyncha,Indian Spot-billed Duck,"Mapgaon, Maharashtra, IN (18.724, 72.903)",18.7243,72.903,11/02/2018,https://cdn.download.ams.birds.cornell.edu/api/v1/asset/
Anas poecilorhyncha,Indian Spot-billed Duck,"Ambazari Lake, Nagpur",21.1292,79.0329,10/09/2018,https://cdn.download.ams.birds.cornell.edu/api/v1/asset/
Anas poecilorhyncha,Indian Spot-billed Duck,"Pashan Lake, Pune",18.5318,73.7854,22/09/2018,https://cdn.download.ams.birds.cornell.edu/api/v1/asset/
Anas poecilorhyncha,Indian Spot-billed Duck,"Mihan, Nagpur",21.0773,79.0461,21/07/2018,https://cdn.download.ams.birds.cornell.edu/api/v1/asset/
Anas poecilorhyncha,Indian Spot-billed Duck,Kopar Wetlands- Juni Dombivli - Ganesh Ghat,19.2191,73.0704,23/06/2018,https://cdn.download.ams.birds.cornell.edu/api/v1/asset/
Anas poecilorhyncha,Indian Spot-billed Duck,"Maharashtra, IN (21.084, 75.972)",21.0837,75.9719,01/06/2018,https://cdn.download.ams.birds.cornell.edu/api/v1/asset/
Anas poecilorhyncha,Spot Billed Duck,Solapur,17.6599,75.9064,13/12/2019,https://pbs.twimg.com/media/EJ60FR0XUAQfVLx?format=jpg&name=900x900
Anas poecilorhyncha,Spot Billed Duck,Solapur,17.6599,75.9064,13/12/2019,https://pbs.twimg.com/media/EfMDBpJVoAALOUG?format=jpg&name=900x900
Anas poecilorhyncha,Spot Billed Duck,Solapur,17.6599,75.9064,13/12/2019,https://pbs.twimg.com/media/DewM-JTW4AEHSdO?format=jpg&name=small
Anas poecilorhyncha,Spot Billed Duck,"Chandrabhaga river, Pandharpur",17.6806,75.3155,03/02/2019,https://pbs.twimg.com/media/EbcF3rCXQAAq6bC?format=jpg&name=900x900
Anas poecilorhyncha,Spot Billed Duck,Solapur,17.6599,75.9064,13/12/2019,https://pbs.twimg.com/media/EgUGfDOU8AU6C2j?format=jpg&name=900x900
Anas poecilorhyncha,Spot Billed Duck,"Chapadgaon, Nandur Madhaneshvar Nasik",18.5522,75.1604,07/03/2019,https://pbs.twimg.com/media/ENGlEvoWsAAKY1f?format=jpg&name=900x900
Anas poecilorhyncha,Spot Billed Duck,Solapur,17.6599,75.9064,14/12/2019,https://pbs.twimg.com/media/EdLQaEKXgAAx8vj?format=jpg&name=900x900
Anas poecilorhyncha,Indian Spot-billed Duck,"Mumbai Suburban, IN-MH, IN",19.07283,72.88261,20/05/2015,https://static.inaturalist.org/photos/1877101/medium.JPG?1432112485
Anas poecilorhyncha,Indian Spot-billed Duck,"Pune, IN-MH, IN",18.51957,73.85535,28/05/2015,https://static.inaturalist.org/photos/1926044/medium.jpg?1432803446
Anas poecilorhyncha,Indian Spot-billed Duck,"Pune, IN-MH, IN",18.51957,73.85535,28/05/2015,https://static.inaturalist.org/photos/1926050/medium.jpg?1432803787
Anas poecilorhyncha,Indian Spot-billed Duck,"Thane, IN-MH, IN",19.21667,73.08333,29/05/2015,https://static.inaturalist.org/photos/1930425/medium.JPG?1432867201
Anas poecilorhyncha,Indian Spot-billed Duck,"Thane, IN-MH, IN",19.21667,73.08333,29/05/2015,https://static.inaturalist.org/photos/1930462/medium.JPG?1432867608
Anas poecilorhyncha,Indian Spot-billed Duck,Nira,18.104543,74.208669,21/07/2015,https://static.inaturalist.org/photos/2162298/medium.JPG?1437481359
Anas poecilorhyncha,Indian Spot-billed Duck,Bhandup Pumping Station -Bhandup -Mumbai City Disrict,19.207429,72.828369,01/02/2016,https://static.inaturalist.org/photos/2837161/medium.jpg?1451748663
Anas poecilorhyncha,Indian Spot-billed Duck,"Khadakwasla Dam, Maharashtra, India",18.4422936,73.7670914,30/08/2016,https://static.inaturalist.org/photos/4715488/medium.jpeg?1472538101
Anas poecilorhyncha,Indian Spot-billed Duck,"Walwan, Maharashtra 415308, India",17.36215,74.725456,13/04/2018,https://static.inaturalist.org/photos/7024108/medium.jpg?1492066685
Anas poecilorhyncha,Indian Spot-billed Duck,"Paud Gaon, Mulshi Road, Pune, Maharashtra 412108, India",18.5294881,73.6179246,28/01/2018,https://static.inaturalist.org/photos/13169643/medium.jpeg?1517150677
Anas poecilorhyncha,Indian Spot-billed Duck,"Pune, Maharashtra, India",18.5204303,73.8567437,09/12/2018,https://static.inaturalist.org/photos/24762212/medium.jpg?1536768979
Anas poecilorhyncha,Indian Spot-billed Duck,"Pune, IN-MH, IN",18.57153981,73.83025115,25/01/2019,https://static.inaturalist.org/photos/30629911/medium.jpg?1548442259
Anas poecilorhyncha,Indian Spot-billed Duck,"Nashik, Maharashtra, India",20.00794237,74.10474291,02/01/2019,https://static.inaturalist.org/photos/30877608/medium.jpeg?1549005535
Anas poecilorhyncha,Indian Spot-billed Duck,"Nandur Madhameshwar, Nashik, Maharashtra, India",20.00819,74.10576667,19/04/2019,https://static.inaturalist.org/photos/35159399/medium.jpeg?1555644628
Anas poecilorhyncha,Indian Spot-billed Duck,"Nandur Madhameshwar, Nashik, Maharashtra, India",20.008115,74.10578833,19/04/2019,https://static.inaturalist.org/photos/35159457/medium.jpeg?1555644674
Anas poecilorhyncha,Indian Spot-billed Duck,"Nandur Madhameshwar, Nashik, Maharashtra, India",20.00806667,74.10580167,23/04/2019,https://static.inaturalist.org/photos/35600158/medium.jpeg?1556058265
Anas poecilorhyncha,Indian Spot-billed Duck,"Nandur Madhameshwar, Nashik, Maharashtra, India",20.00809,74.10570167,23/04/2019,https://static.inaturalist.org/photos/35600204/medium.jpeg?1556058293
Anas poecilorhyncha,Indian Spot-billed Duck,"Nandur Madhameshwar, Nashik, Maharashtra, India",20.00808833,74.10589,23Apr-2019,https://static.inaturalist.org/photos/35604724/medium.jpeg?1556061500
Anas poecilorhyncha,Indian Spot-billed Duck,"Pimple Nilakh, Pimpri-Chinchwad, Maharashtra, India",18.5790232,73.7859912,05/07/2019,https://static.inaturalist.org/photos/38230918/medium.jpeg?1557226063
Anas poecilorhyncha,Indian Spot-billed Duck,"Nandur Madhameshwar, Nashik, Maharashtra, India",20.00884065,74.13229046,05/07/2019,https://static.inaturalist.org/photos/38284970/medium.jpeg?1557270022
Anas poecilorhyncha,Indian Spot-billed Duck,"Nandur Madhameshwar, Nashik, Maharashtra, India",20.00873668,74.1321669,05/07/2019,https://static.inaturalist.org/photos/38285382/medium.jpeg?1557270326
Anas poecilorhyncha,Indian Spot-billed Duck,"Betwade Gaon, Thane, Maharashtra 400612, India",19.1952752,73.0698015,26/05/2019,https://static.inaturalist.org/photos/40024593/medium.jpg?1558889117
Anas poecilorhyncha,Indian Spot-billed Duck,"Mulund East, Mumbai, Maharashtra, IN",19.13964182,72.95722593,24/06/2019,https://static.inaturalist.org/photos/42862057/medium.jpg?1561336313
Anas poecilorhyncha,Indian Spot-billed Duck,"Mulund East, Mumbai, Maharashtra 400042, India",19.1419038,72.9646254,25/08/2019,https://static.inaturalist.org/photos/46066141/medium.jpg?1564068634
Anas poecilorhyncha,Indian Spot-billed Duck,"Mulund East, Mumbai, Maharashtra 400042, India",19.1419038,72.9646254,08/09/2019,https://static.inaturalist.org/photos/47621616/medium.jpeg?1565359378
Anas poecilorhyncha,Indian Spot-billed Duck,"Mulund East, Mumbai, Maharashtra 400042, India",19.1419038,72.9646254,25/09/2019,https://static.inaturalist.org/photos/49263540/medium.jpeg?1566745312
Anas poecilorhyncha,Indian Spot-billed Duck,"Mulund East, Mumbai, Maharashtra 400042, India",19.1419038,72.9646254,25/09/2019,https://static.inaturalist.org/photos/49268544/medium.jpeg?1566747599
Anas poecilorhyncha,Indian Spot-billed Duck,"Kalambe Turf Thane, Maharashtra, India",16.65232879,74.21200629,02/08/2019,https://static.inaturalist.org/photos/61047173/medium.jpeg?1581141106
Anas poecilorhyncha,Indian Spot-billed Duck,kranti Flemingo point,18.263404,74.804213,16/03/2020,https://static.inaturalist.org/photos/63632976/medium.jpg?1584331490
Anas poecilorhyncha,Indian Spot-billed Duck,"Pune, IN-MH, IN",18.4880706,73.74166637,19/04/2020,https://static.inaturalist.org/photos/67584460/medium.jpeg?1587299156
Anas poecilorhyncha,Indian Spot-billed Duck,"Uran, Navi Mumbai, Maharashtra, India",18.8772346,72.9283391,05/01/2020,https://static.inaturalist.org/photos/70480262/medium.jpg?1588317111
Anas poecilorhyncha,Indian Spot-billed Duck,Vetal Tekdi,18.52548987,73.81538451,05/04/2020,https://static.inaturalist.org/photos/71094706/medium.jpeg?1588568230
Anas poecilorhyncha,Indian Spot-billed Duck,"Kavadipath, Pune, Mh",18.492121,74.000673,05/09/2020,https://static.inaturalist.org/photos/71896448/medium.jpg?1589007144
Anas poecilorhyncha,Indian Spot-billed Duck,Pashan Lake,18.53439696,73.78529213,21/05/2020,https://static.inaturalist.org/photos/74041512/medium.jpeg?1590030946
Anas poecilorhyncha,Indian Spot-billed Duck,"Vanpuri, Pune, Maharashtra, India",18.37387469,74.07006154,06/05/2020,https://static.inaturalist.org/photos/77053570/medium.jpg?1591377582
Anas poecilorhyncha,Indian Spot-billed Duck,"Rajewadi, Maharashtra 412104, India",18.39146079,74.16687855,06/05/2020,https://static.inaturalist.org/photos/77054027/medium.jpg?1591377764
Anas poecilorhyncha,Indian Spot-billed Duck,"Pune, Maharashtra, India",18.50595689,73.99659564,06/08/2020,https://static.inaturalist.org/photos/77634195/medium.jpg?1591628681
Anas poecilorhyncha,Indian Spot-billed Duck,"Naigaon, Maharashtra, India",21.13048112,76.06188376,27/06/2020,https://static.inaturalist.org/photos/81087235/medium.jpeg?1593219715
Anas poecilorhyncha,Indian Spot-billed Duck,"Gokhalenagar, Pune, Maharashtra, India",18.52977534,73.81753465,28/06/2020,https://static.inaturalist.org/photos/81363272/medium.jpeg?1593349901
Anas poecilorhyncha,Indian Spot-billed Duck,"Pune, Maharashtra, India",18.34654806,74.36848639,07/07/2020,https://static.inaturalist.org/photos/83042576/medium.jpeg?1594121506
Anas poecilorhyncha,Indian Spot-billed Duck,"Adventure Plus, Bhor, Maharashtra, India",18.15822298,73.86200433,07/11/2020,https://static.inaturalist.org/photos/83732928/medium.jpg?1594466525
Anas poecilorhyncha,Indian Spot-billed Duck,"Rajewadi, Maharashtra 412104, India",18.3882669,74.1533563,07/12/2020,https://static.inaturalist.org/photos/84001024/medium.jpeg?1594575058
Anas poecilorhyncha,Indian Spot-billed Duck,"Solapur, Maharashtra, India",18.28272639,74.79836306,16/07/2020,https://static.inaturalist.org/photos/84646102/medium.jpeg?1594872287
Anas poecilorhyncha,Indian Spot-billed Duck,"Khadakwasla, Pune, Maharashtra, India",18.44690019,73.78524617,16/07/2020,https://static.inaturalist.org/photos/84656643/medium.jpeg?1594880770
Anas poecilorhyncha,Indian Spot-billed Duck,"Kusgaon P.m., Maharashtra, India",18.62375139,73.663815,17/07/2020,https://static.inaturalist.org/photos/84814040/medium.jpeg?1594955553
Anas poecilorhyncha,Indian Spot-billed Duck,"Pune, Maharashtra, India",18.24477833,74.80008167,18/07/2020,https://static.inaturalist.org/photos/85018133/medium.jpeg?1595064451
Anas poecilorhyncha,Indian Spot-billed Duck,"Kumbhargaon, Maharashtra, India",18.27561667,74.78417667,18/07/2020,https://static.inaturalist.org/photos/85048823/medium.jpeg?1595080987
Anas poecilorhyncha,Indian Spot-billed Duck,"Gorhe Bk., Maharashtra 411025, India",18.426425,73.76272833,19/07/2020,https://static.inaturalist.org/photos/85227448/medium.jpeg?1595155833
Anas poecilorhyncha,Indian Spot-billed Duck,"Pune, Maharashtra, India",18.39187167,73.68082833,19/07/2020,https://static.inaturalist.org/photos/85227818/medium.jpeg?1595156070
Anas poecilorhyncha,Indian Spot-billed Duck,"Pune, Maharashtra, India",18.24395667,74.79867333,19/07/2020,https://static.inaturalist.org/photos/85229107/medium.jpeg?1595156855
Anas poecilorhyncha,Indian Spot-billed Duck,"Dalaj No.1, Maharashtra, India",18.24256333,74.80809,20/07/2020,https://static.inaturalist.org/photos/85439018/medium.jpeg?1595240653
Anas poecilorhyncha,Indian Spot-billed Duck,"Girinagar, Maharashtra 411025, India",18.42614306,73.76304,22/07/2020,https://static.inaturalist.org/photos/85797093/medium.jpeg?1595414979
Anas poecilorhyncha,Indian Spot-billed Duck,"Kumbhargaon, Maharashtra 413132, India",18.2789182,74.7802955,23/07/2020,https://static.inaturalist.org/photos/85968667/medium.jpeg?1595502126
Anas poecilorhyncha,Indian Spot-billed Duck,"Kumbhargaon, Maharashtra, India",18.27892045,74.78028774,23/07/2020,https://static.inaturalist.org/photos/85968670/medium.jpeg?1595502128
Anas poecilorhyncha,Indian Spot-billed Duck,"Pune, Maharashtra, India",18.24204139,74.79617306,24/07/2020,https://static.inaturalist.org/photos/86156953/medium.jpeg?1595598462
Anas poecilorhyncha,Indian Spot-billed Duck,"Kalewadi, Maharashtra, India",18.22106139,74.86729306,25/07/2020,https://static.inaturalist.org/photos/86312297/medium.jpeg?1595670753
Anas poecilorhyncha,Indian Spot-billed Duck,"Pune, Maharashtra, India",18.28122639,74.75614472,25/07/2020,https://static.inaturalist.org/photos/86316297/medium.jpeg?1595673547
Anas poecilorhyncha,Indian Spot-billed Duck,"Dalaj No.1, Maharashtra, India",18.24910972,74.79860139,25/07/2020,https://static.inaturalist.org/photos/86317183/medium.jpeg?1595674047
Anas poecilorhyncha,Indian Spot-billed Duck,"Solapur, Maharashtra, India",18.27504,74.81020806,28/07/2020,https://static.inaturalist.org/photos/86896223/medium.jpeg?1595916794
Anas poecilorhyncha,Indian Spot-billed Duck,"Solapur, Maharashtra, India",18.27543639,74.80803639,28/07/2020,https://static.inaturalist.org/photos/86909437/medium.jpeg?1595929959
Anas poecilorhyncha,Indian Spot-billed Duck,"Girinagar, Maharashtra 411025, India",18.42605306,73.76334806,28/07/2020,https://static.inaturalist.org/photos/86910269/medium.jpeg?1595930626
Anas poecilorhyncha,Indian Spot-billed Duck,"Pune, Maharashtra, India",18.28028472,74.756275,08/01/2020,https://static.inaturalist.org/photos/87569118/medium.jpeg?1596267526
Anas poecilorhyncha,Indian Spot-billed Duck,"Girinagar, Maharashtra 411025, India",18.42614,73.763085,08/01/2020,https://static.inaturalist.org/photos/87569484/medium.jpeg?1596267926
Anas poecilorhyncha,Indian Spot-billed Duck,"Pune, Maharashtra, India",18.50522306,73.99963806,08/03/2020,https://static.inaturalist.org/photos/87956677/medium.jpeg?1596429386
Anas poecilorhyncha,Indian Spot-billed Duck,"Kumbhargaon, Maharashtra 413132, India",18.2789182,74.7802955,08/06/2020,https://static.inaturalist.org/photos/88519758/medium.jpeg?1596711124
Anas poecilorhyncha,Indian Spot-billed Duck,"Kumbhargaon, Maharashtra 413132, India",18.2789182,74.7802955,08/06/2020,https://static.inaturalist.org/photos/88535588/medium.jpeg?1596720776
Anas poecilorhyncha,Indian Spot-billed Duck,"Kumbhargaon, Maharashtra 413132, India",18.2789182,74.7802955,08/07/2020,https://static.inaturalist.org/photos/88675810/medium.jpeg?1596785073
Anas poecilorhyncha,Indian Spot-billed Duck,"Kumbhargaon, Maharashtra 413132, India",18.2789182,74.7802955,08/07/2020,https://static.inaturalist.org/photos/88683011/medium.jpeg?1596792687
Anas poecilorhyncha,Indian Spot-billed Duck,"Kumbhargaon, Maharashtra 413132, India",18.2789182,74.7802955,08/07/2020,https://static.inaturalist.org/photos/88683034/medium.jpeg?1596792713
Anas poecilorhyncha,Indian Spot-billed Duck,"Mulund - Airoli Bridge Road, Mulund East, Mumbai, Maharashtra 400081, India",19.154546,72.958065,08/07/2020,https://static.inaturalist.org/photos/88683542/medium.jpeg?1596793317
Anas poecilorhyncha,Indian Spot-billed Duck,"Solapur - Pune Hwy, Bhigwan, Maharashtra 413130, India",18.2915827,74.77408,08/08/2020,https://static.inaturalist.org/photos/88849695/medium.jpeg?1596886919
Anas poecilorhyncha,Indian Spot-billed Duck,"Solapur - Pune Hwy, Bhigwan, Maharashtra 413130, India",18.2915827,74.77408,08/08/2020,https://static.inaturalist.org/photos/88849725/medium.jpeg?1596886939
Anas poecilorhyncha,Indian Spot-billed Duck,"Kumbhargaon, Maharashtra 413132, India",18.2789182,74.7802955,08/09/2020,https://static.inaturalist.org/photos/89049554/medium.jpeg?1596977484
Anas poecilorhyncha,Indian Spot-billed Duck,"Kumbhargaon, Maharashtra 413132, India",18.2789182,74.7802955,08/09/2020,https://static.inaturalist.org/photos/89049577/medium.jpeg?1596977494
Anas poecilorhyncha,Indian Spot-billed Duck,"Kumbhargaon, Maharashtra 413132, India",18.2789182,74.7802955,08/09/2020,https://static.inaturalist.org/photos/89049676/medium.jpeg?1596977530
Anas poecilorhyncha,Indian Spot-billed Duck,"Kumbhargaon, Maharashtra 413132, India",18.2789182,74.7802955,08/09/2020,https://static.inaturalist.org/photos/89049746/medium.jpeg?1596977555
Anas poecilorhyncha,Indian Spot-billed Duck,"Mulund East, Mumbai, Maharashtra 400042, India",19.1419055,72.9646284,08/11/2020,https://static.inaturalist.org/photos/89401635/medium.jpg?1597146478
Anas poecilorhyncha,Indian Spot-billed Duck,"Mulund East, Mumbai, Maharashtra, India",19.14192483,72.96462536,13/08/2020,https://static.inaturalist.org/photos/89710516/medium.jpg?1597304375
Anas poecilorhyncha,Indian Spot-billed Duck,"Lokhandwala Lake, Andheri West, Mumbai, Maharashtra 400047",19.1443969,72.8179441,31/08/2020,https://static.inaturalist.org/photos/92809919/medium.jpg?1598884566
Anas poecilorhyncha,Indian Spot-billed Duck,Baramati Midc,18.17943809,74.60512575,09/07/2020,https://static.inaturalist.org/photos/93926806/medium.jpeg?1599463498
Anas poecilorhyncha,Indian Spot-billed Duck,"Turzon Hill Lake, Mumbai, Maharashtra, India ",19.2186780166546,72.8144322936844,31/01/2019,http://orientalbirdimages.org/images/data/psx_20190323_225438.jpg
Anas poecilorhyncha,Indian Spot-billed Duck,"Tadoba National Park, Chandrapur District, Maharashtra, India",20.2486343185375,79.3606675456768,15/03/2019,http://orientalbirdimages.org/images/data/7040.jpg
Anas poecilorhyncha,Indian Spot-billed Duck,"Tadoba National Park, Chandrapur District, Maharashtra, India",20.2486343185375,79.3606675456768,15/03/2019,http://orientalbirdimages.org/images/data/7031.jpg
Anas poecilorhyncha,Indian Spot-billed Duck,"Kasarsai Dam, Mulshi Taluka, Pune District, Maharashtra, India",18.6217115963737,73.6554660641196,16/02/2019,http://orientalbirdimages.org/images/data/obcid_spotbilled_duck_anas_poecilorhyncha_tmb2837.jpg
Anas poecilorhyncha,Indian Spot-billed Duck,"Kavadi Pat, Pune District, Maharashtra, India",18.4923549983421,74.0005764429389,25/01/2019,http://orientalbirdimages.org/images/data/spotbilledduck9kavadijan19.jpg
Anas poecilorhyncha,Indian Spot-billed Duck,"near Alibag, Raigad District, Maharashtra, India",18.6615468378124,72.8768081753312,23/11/2018,http://orientalbirdimages.org/images/data/obcid_spotbilled_duck_anas_poecilorhyncha_poecilorhyncha_tmb19613.jpg
Anas poecilorhyncha,Indian Spot-billed Duck,"Borgaon Spillway and Reservoir, Yavatmal District, Maharashtra, India",20.452957369432,78.1921221721474,14/11/2018,http://orientalbirdimages.org/images/data/spot_billed_duck_copy6.jpg
Anas poecilorhyncha,Indian Spot-billed Duck,"near Alibag, Raigad District, Maharashtra, India",18.6615468378124,72.8768081753312,07/10/2018,http://orientalbirdimages.org/images/data/obcid_spotbilled_duck_anas_poecilorhyncha_poecilorhyncha_tmb15012.jpg
Anas poecilorhyncha,Indian Spot-billed Duck,"near Alibag, Raigad District, Maharashtra, India",18.6615468378124,72.8768081753312,07/10/2018,http://orientalbirdimages.org/images/data/obcid_spotbilled_duck_anas_poecilorhyncha_poecilorhyncha_tmb15008.jpg
Anas poecilorhyncha,Indian Spot-billed Duck,"near Alibag, Raigad District, Maharashtra, India",18.6615468378124,72.8768081753312,07/10/2018,http://orientalbirdimages.org/images/data/obcid_spotbilled_duck_anas_poecilorhyncha_poecilorhyncha_tmb15003.jpg
Anas poecilorhyncha,Indian Spot-billed Duck,"near Alibag, Raigad District, Maharashtra, India",18.6615468378124,72.8768081753312,07/10/2018,http://orientalbirdimages.org/images/data/obcid_spotbilled_duck_anas_poecilorhyncha_poecilorhyncha_tmb15004.jpg
Anas poecilorhyncha,Indian Spot-billed Duck,"Jambhulwadi Lake, Ambegaon Khurd, Pune District, Maharashtra, India",18.4351090445034,73.8411084770209,29/08/2018,http://orientalbirdimages.org/images/data/spotbilledduck178.jpg
Anas poecilorhyncha,Indian Spot-billed Duck,"Jambhulwadi Lake, Ambegaon Khurd, Pune District, Maharashtra, India",18.4351090445034,73.8411084770209,14/04/2018,http://orientalbirdimages.org/images/data/spotbilled_duckwing.jpg
Anas poecilorhyncha,Indian Spot-billed Duck,"Kavdi Pat, Pune District, Maharashtra, India",18.5054620338926,74.0002373754043,24/12/2017,http://orientalbirdimages.org/images/data/_58a3091spotbillduckinflight.jpg
Anas poecilorhyncha,Indian Spot-billed Duck,"near Alibag, Raigad District, Maharashtra, India",18.6615468378124,72.8768081753312,14/12/2017,http://orientalbirdimages.org/images/data/obcid_spotbilled_duck_anas_poecilorhyncha_poecilorhyncha_tmb6441.jpg
Anas poecilorhyncha,Indian Spot-billed Duck,"Nannaj, Solapur District, Maharashtra, India",17.8363065385947,75.8511864585554,24/10/2015,http://orientalbirdimages.org/images/data/spotbilled_duck_copy8.jpg
Anas poecilorhyncha,Indian Spot-billed Duck,"Bhigwan, Pune District, Maharashtra, India",18.300079439109,74.7544103228305,08/04/2017,http://orientalbirdimages.org/images/data/spotbilled_duck_copy7.jpg
Anas poecilorhyncha,Indian Spot-billed Duck,"near Alibag, Raigad District, Maharashtra, India.",18.6615468378124,72.8768081753312,28/01/2017,http://orientalbirdimages.org/images/data/obcid_spotbilled_duck_anas_poecilorhyncha_poecilorhyncha_dsc1494.jpg
Anas poecilorhyncha,Indian Spot-billed Duck,"near Alibag, Raigad District, Maharashtra, India",18.6615468378124,72.8768081753312,30/11/2016,http://orientalbirdimages.org/images/data/obcid_spotbilled_duck_anas_poecilorhyncha_dsc13759.jpg
