,Scientific Name,Common Name,Locality,Latitude,Longitude,Date,mediaDownloadUrl
1,Anas poecilorhyncha,Indian Spot-billed Duck,Bhigwan -- Kumbhargaon Bird Sanctuary,18.2887,74.776,15-Mar-2020,https://cdn.download.ams.birds.cornell.edu/api/v1/asset/
2,Anas poecilorhyncha,Indian Spot-billed Duck,"Salim Ali Lake, Aurangabad",19.8987,75.3436,31-Jan-2017,https://cdn.download.ams.birds.cornell.edu/api/v1/asset/
3,Anas poecilorhyncha,Indian Spot-billed Duck,Khadakwasla Dam,18.4295,73.758,17-Feb-2018,https://cdn.download.ams.birds.cornell.edu/api/v1/asset/
4,Anas poecilorhyncha,Indian Spot-billed Duck,Kapurwadi lake,19.1168,74.7798,18-Feb-2018,https://cdn.download.ams.birds.cornell.edu/api/v1/asset/
5,Anas poecilorhyncha,Indian Spot-billed Duck,"Pashan Lake, Pune",18.5318,73.7854,4-Feb-2018,https://cdn.download.ams.birds.cornell.edu/api/v1/asset/
6,Anas poecilorhyncha,Indian Spot-billed Duck,Veer Dam,18.1184,74.0842,24-Mar-2018,https://cdn.download.ams.birds.cornell.edu/api/v1/asset/
7,Anas poecilorhyncha,Indian Spot-billed Duck,"Ambazari Lake, Nagpur",21.1292,79.0329,26-Jun-2017,https://cdn.download.ams.birds.cornell.edu/api/v1/asset/
8,Anas poecilorhyncha,Indian Spot-billed Duck,Indian Institute of Technology (IIT) Bombay,19.1279,72.9136,12-Nov-2017,https://cdn.download.ams.birds.cornell.edu/api/v1/asset/
9,Anas poecilorhyncha,Indian Spot-billed Duck,Manora Reservoir,19.8889,79.4918,16-Jan-2017,https://cdn.download.ams.birds.cornell.edu/api/v1/asset/
10,Anas poecilorhyncha,Indian Spot-billed Duck,Maruti Chitampalli Bird Park,21.1336,79.0177,15-May-2016,https://cdn.download.ams.birds.cornell.edu/api/v1/asset/
11,Anas poecilorhyncha,Indian Spot-billed Duck,"Ambazari Lake, Nagpur",21.1292,79.0329,24-Jan-2016,https://cdn.download.ams.birds.cornell.edu/api/v1/asset/
12,Anas poecilorhyncha,Indian Spot-billed Duck,Khadakwasla Dam,18.4295,73.758,17-Feb-2018,https://cdn.download.ams.birds.cornell.edu/api/v1/asset/
13,Anas poecilorhyncha,Indian Spot-billed Duck,"Ambazari Lake, Nagpur",21.1292,79.0329,14-Jan-2018,https://cdn.download.ams.birds.cornell.edu/api/v1/asset/
14,Anas poecilorhyncha,Indian Spot-billed Duck,"Ambazari Lake, Nagpur",21.1292,79.0329,20-Dec-2017,https://cdn.download.ams.birds.cornell.edu/api/v1/asset/
15,Anas poecilorhyncha,Indian Spot-billed Duck,Kapurwadi lake,19.1168,74.7798,11-Feb-2017,https://cdn.download.ams.birds.cornell.edu/api/v1/asset/
16,Anas poecilorhyncha,Indian Spot-billed Duck,Kavdi Pat,18.5054,74.0006,13-May-2017,https://cdn.download.ams.birds.cornell.edu/api/v1/asset/
17,Anas poecilorhyncha,Indian Spot-billed Duck,Tapti River--behind BTPS,21.0602,75.8353,17-May-2019,https://cdn.download.ams.birds.cornell.edu/api/v1/asset/
18,Anas poecilorhyncha,Indian Spot-billed Duck,Kmbhargaon,18.2717,74.7984,7-Jan-2018,https://cdn.download.ams.birds.cornell.edu/api/v1/asset/
19,Anas poecilorhyncha,Indian Spot-billed Duck,"Bhandup Pumping Station, Mumbai",19.1411,72.961,12-Oct-2016,https://cdn.download.ams.birds.cornell.edu/api/v1/asset/
20,Anas poecilorhyncha,Indian Spot-billed Duck,"Bhandup Pumping Station, Mumbai",19.1411,72.961,8-Sep-2018,https://cdn.download.ams.birds.cornell.edu/api/v1/asset/
21,Anas poecilorhyncha,Indian Spot-billed Duck,"Ambazari Lake, Nagpur",21.1292,79.0329,10-Mar-2018,https://cdn.download.ams.birds.cornell.edu/api/v1/asset/
22,Anas poecilorhyncha,Indian Spot-billed Duck,Popatkhed reservoir,21.2115,77.0844,22-Jan-2017,https://cdn.download.ams.birds.cornell.edu/api/v1/asset/
23,Anas poecilorhyncha,Indian Spot-billed Duck,"IN - 18.206x74.602 - Oct 18, 2016 7:25 AM",18.2059,74.6023,18-Oct-2016,https://cdn.download.ams.birds.cornell.edu/api/v1/asset/
24,Anas poecilorhyncha,Indian Spot-billed Duck,"Mehrun Lake, Tambapura, Jalgaon, Maharashtra",20.9804,75.5651,12-Sep-2016,https://cdn.download.ams.birds.cornell.edu/api/v1/asset/
25,Anas poecilorhyncha,Indian Spot-billed Duck,Bhigwan -- Kumbhargaon Bird Sanctuary,18.2887,74.776,10-Apr-2015,https://cdn.download.ams.birds.cornell.edu/api/v1/asset/
26,Anas poecilorhyncha,Indian Spot-billed Duck,"My Saswad, Malshiras Road, Maharashtra, IN (18.392, 74.122)",18.392,74.1224,16-Sep-2020,https://cdn.download.ams.birds.cornell.edu/api/v1/asset/
27,Anas poecilorhyncha,Indian Spot-billed Duck,"Telhara Reservoir, Nagpur",21.0643,79.014,17-Jul-2016,https://cdn.download.ams.birds.cornell.edu/api/v1/asset/
28,Anas poecilorhyncha,Indian Spot-billed Duck,Mula River -- Baner,18.5648,73.7945,8-Mar-2020,https://cdn.download.ams.birds.cornell.edu/api/v1/asset/
29,Anas poecilorhyncha,Indian Spot-billed Duck,"Manyrkhede,Jalgaon,Maharashtra",20.9912,75.8918,30-Nov-2015,https://cdn.download.ams.birds.cornell.edu/api/v1/asset/
30,Anas poecilorhyncha,Indian Spot-billed Duck,"Mehrun Lake, Tambapura, Jalgaon, Maharashtra",20.9804,75.5651,28-Nov-2015,https://cdn.download.ams.birds.cornell.edu/api/v1/asset/
31,Anas poecilorhyncha,Indian Spot-billed Duck,"Powai Lake, Mumbai",19.1208,72.9024,23-Jan-2020,https://cdn.download.ams.birds.cornell.edu/api/v1/asset/
32,Anas poecilorhyncha,Indian Spot-billed Duck,Lokhandwala Lake,19.1447,72.8177,5-Jan-2020,https://cdn.download.ams.birds.cornell.edu/api/v1/asset/
33,Anas poecilorhyncha,Indian Spot-billed Duck,Lokhandwala Lake,19.1447,72.8177,5-Jan-2020,https://cdn.download.ams.birds.cornell.edu/api/v1/asset/
34,Anas poecilorhyncha,Indian Spot-billed Duck,Lokhandwala Lake,19.1447,72.8177,5-Jan-2020,https://cdn.download.ams.birds.cornell.edu/api/v1/asset/
35,Anas poecilorhyncha,Indian Spot-billed Duck,"Riverside road, Anandnagar, Pune",18.4795,73.8149,28-Jul-2019,https://cdn.download.ams.birds.cornell.edu/api/v1/asset/
36,Anas poecilorhyncha,Indian Spot-billed Duck,"Riverside road, Anandnagar, Pune",18.4795,73.8149,28-Jul-2019,https://cdn.download.ams.birds.cornell.edu/api/v1/asset/
37,Anas poecilorhyncha,Indian Spot-billed Duck,"Riverside road, Anandnagar, Pune",18.4795,73.8149,28-Jul-2019,https://cdn.download.ams.birds.cornell.edu/api/v1/asset/
38,Anas poecilorhyncha,Indian Spot-billed Duck,"Riverside road, Anandnagar, Pune",18.4795,73.8149,20-Jul-2019,https://cdn.download.ams.birds.cornell.edu/api/v1/asset/
39,Anas poecilorhyncha,Indian Spot-billed Duck,"kumbhargoan dock, Kumbhargaon, Maharashtra, IN (18.273, 74.796)",18.2727,74.7957,24-Dec-2018,https://cdn.download.ams.birds.cornell.edu/api/v1/asset/
40,Anas poecilorhyncha,Indian Spot-billed Duck,Bhigwan -- Kumbhargaon Bird Sanctuary,18.2887,74.776,16-Jan-2018,https://cdn.download.ams.birds.cornell.edu/api/v1/asset/
41,Anas poecilorhyncha,Indian Spot-billed Duck,Kavdi Pat,18.5054,74.0006,12-Nov-2017,https://cdn.download.ams.birds.cornell.edu/api/v1/asset/
42,Anas poecilorhyncha,Indian Spot-billed Duck,Inside the gate  of pashan lake,18.5363,73.7834,28-Nov-2016,https://cdn.download.ams.birds.cornell.edu/api/v1/asset/
43,Anas poecilorhyncha,Indian Spot-billed Duck,"Riverside road, Anandnagar, Pune",18.4795,73.8149,20-Jul-2019,https://cdn.download.ams.birds.cornell.edu/api/v1/asset/
44,Anas poecilorhyncha,Indian Spot-billed Duck,"Riverside road, Anandnagar, Pune",18.4795,73.8149,3-Jul-2019,https://cdn.download.ams.birds.cornell.edu/api/v1/asset/
45,Anas poecilorhyncha,Indian Spot-billed Duck,Narsoba Wadi Temple,16.6921,74.6015,31-Mar-2018,https://cdn.download.ams.birds.cornell.edu/api/v1/asset/
46,Anas poecilorhyncha,Indian Spot-billed Duck,Narsoba Wadi Temple,16.6921,74.6015,31-Mar-2018,https://cdn.download.ams.birds.cornell.edu/api/v1/asset/
47,Anas poecilorhyncha,Indian Spot-billed Duck,Narsoba Wadi Temple,16.6921,74.6015,31-Mar-2018,https://cdn.download.ams.birds.cornell.edu/api/v1/asset/
48,Anas poecilorhyncha,Indian Spot-billed Duck,Narsoba Wadi Temple,16.6921,74.6015,31-Mar-2018,https://cdn.download.ams.birds.cornell.edu/api/v1/asset/
49,Anas poecilorhyncha,Indian Spot-billed Duck,Narsoba Wadi Temple,16.6921,74.6015,31-Mar-2018,https://cdn.download.ams.birds.cornell.edu/api/v1/asset/
50,Anas poecilorhyncha,Indian Spot-billed Duck,Narsoba Wadi Temple,16.6921,74.6015,31-Mar-2018,https://cdn.download.ams.birds.cornell.edu/api/v1/asset/
51,Anas poecilorhyncha,Indian Spot-billed Duck,Kavdi Pat,18.5054,74.0006,16-Apr-2018,https://cdn.download.ams.birds.cornell.edu/api/v1/asset/
52,Anas poecilorhyncha,Indian Spot-billed Duck,"Ambazari Lake, Nagpur",21.1292,79.0329,14-Apr-2018,https://cdn.download.ams.birds.cornell.edu/api/v1/asset/
53,Anas poecilorhyncha,Indian Spot-billed Duck,Shirsoli P.B.,20.9334,75.5467,30-Jul-2017,https://cdn.download.ams.birds.cornell.edu/api/v1/asset/
54,Anas poecilorhyncha,Indian Spot-billed Duck,shreeprastha wet lands,19.426,72.8066,8-Jul-2017,https://cdn.download.ams.birds.cornell.edu/api/v1/asset/
55,Anas poecilorhyncha,Indian Spot-billed Duck,Dhayari Phata to Viman Nagar,18.4613,73.8134,22-Mar-2017,https://cdn.download.ams.birds.cornell.edu/api/v1/asset/
56,Anas poecilorhyncha,Indian Spot-billed Duck,Dhayari Phata to Viman Nagar,18.4613,73.8134,22-Mar-2017,https://cdn.download.ams.birds.cornell.edu/api/v1/asset/
57,Anas poecilorhyncha,Indian Spot-billed Duck,Indian Institute of Technology (IIT) Bombay,19.1279,72.9136,19-Feb-2017,https://cdn.download.ams.birds.cornell.edu/api/v1/asset/
58,Anas poecilorhyncha,Indian Spot-billed Duck,Kavdi Pat,18.5054,74.0006,8-Jan-2017,https://cdn.download.ams.birds.cornell.edu/api/v1/asset/
59,Anas poecilorhyncha,Indian Spot-billed Duck,Khadakwasla Dam,18.4295,73.758,25-Dec-2016,https://cdn.download.ams.birds.cornell.edu/api/v1/asset/
60,Anas poecilorhyncha,Indian Spot-billed Duck,"Mehrun Lake, Tambapura, Jalgaon, Maharashtra",20.9804,75.5651,23-Oct-2016,https://cdn.download.ams.birds.cornell.edu/api/v1/asset/
61,Anas poecilorhyncha,Indian Spot-billed Duck,Gogte saltpans vasai,19.4077,72.8185,13-Aug-2016,https://cdn.download.ams.birds.cornell.edu/api/v1/asset/
62,Anas poecilorhyncha,Indian Spot-billed Duck,Sarita Nagari Phase 1,18.4968,73.8352,17-Oct-2020,https://cdn.download.ams.birds.cornell.edu/api/v1/asset/
63,Anas poecilorhyncha,Indian Spot-billed Duck,Popatkhed,21.2104,77.0786,21-Feb-2016,https://cdn.download.ams.birds.cornell.edu/api/v1/asset/
64,Anas poecilorhyncha,Indian Spot-billed Duck,Indian Institute of Technology (IIT) Bombay,19.1279,72.9136,15-Feb-2016,https://cdn.download.ams.birds.cornell.edu/api/v1/asset/
65,Anas poecilorhyncha,Indian Spot-billed Duck,Kopar Wetlands- Juni Dombivli - Ganesh Ghat,19.2191,73.0704,9-Aug-2019,https://cdn.download.ams.birds.cornell.edu/api/v1/asset/
66,Anas poecilorhyncha,Indian Spot-billed Duck,"Thane creek Flamingo sanctuary, Airoli",19.15,72.9804,21-Feb-2016,https://cdn.download.ams.birds.cornell.edu/api/v1/asset/
67,Anas poecilorhyncha,Indian Spot-billed Duck,Gularghat,21.2581,77.0324,13-Dec-2015,https://cdn.download.ams.birds.cornell.edu/api/v1/asset/
68,Anas poecilorhyncha,Indian Spot-billed Duck,"Mehrun Lake, Tambapura, Jalgaon, Maharashtra",20.9804,75.5651,30-Nov-2015,https://cdn.download.ams.birds.cornell.edu/api/v1/asset/
69,Anas poecilorhyncha,Indian Spot-billed Duck,"Bhandup Pumping Station, Mumbai",19.1411,72.961,15-Nov-2015,https://cdn.download.ams.birds.cornell.edu/api/v1/asset/
70,Anas poecilorhyncha,Indian Spot-billed Duck,Lokhandwala Lake--Mangroves,19.1438,72.8183,10-Dec-2019,https://cdn.download.ams.birds.cornell.edu/api/v1/asset/
71,Anas poecilorhyncha,Indian Spot-billed Duck,Lokhandwala Lake--Mangroves,19.1438,72.8183,10-Dec-2019,https://cdn.download.ams.birds.cornell.edu/api/v1/asset/
72,Anas poecilorhyncha,Indian Spot-billed Duck,Lokhandwala Lake--Mangroves,19.1438,72.8183,12-Oct-2019,https://cdn.download.ams.birds.cornell.edu/api/v1/asset/
73,Anas poecilorhyncha,Indian Spot-billed Duck,ARAI Hills (Vetal Tekdi),18.5279,73.8175,4-Oct-2019,https://cdn.download.ams.birds.cornell.edu/api/v1/asset/
74,Anas poecilorhyncha,Indian Spot-billed Duck,"Panje, Uran",18.908,72.9492,12-Aug-2019,https://cdn.download.ams.birds.cornell.edu/api/v1/asset/
75,Anas poecilorhyncha,Indian Spot-billed Duck,"Panje, Uran",18.908,72.9492,12-Aug-2019,https://cdn.download.ams.birds.cornell.edu/api/v1/asset/
76,Anas poecilorhyncha,Indian Spot-billed Duck,Bhusawal Thermal Power Station (BTPS)--Sewage Treatment Plant,21.0405,75.8396,1-Jul-2019,https://cdn.download.ams.birds.cornell.edu/api/v1/asset/
77,Anas poecilorhyncha,Indian Spot-billed Duck,Bhusawal Thermal Power Station (BTPS)--Sewage Treatment Plant,21.0405,75.8396,1-Jul-2019,https://cdn.download.ams.birds.cornell.edu/api/v1/asset/
78,Anas poecilorhyncha,Indian Spot-billed Duck,"Tapti BTPS RESERVOIR (21.06, 75.852)",21.0596,75.8519,12-May-2019,https://cdn.download.ams.birds.cornell.edu/api/v1/asset/
79,Anas poecilorhyncha,Indian Spot-billed Duck,Shivaji University,16.6833,74.2535,27-Dec-2017,https://cdn.download.ams.birds.cornell.edu/api/v1/asset/
80,Anas poecilorhyncha,Indian Spot-billed Duck,"Pench Tiger Reserve, Maharashtra",21.6439,79.2414,20-Dec-2016,https://cdn.download.ams.birds.cornell.edu/api/v1/asset/
81,Anas poecilorhyncha,Indian Spot-billed Duck,Tapti River--behind BTPS,21.0602,75.8353,29-Jul-2020,https://cdn.download.ams.birds.cornell.edu/api/v1/asset/
82,Anas poecilorhyncha,Indian Spot-billed Duck,"Riverside road, Anandnagar, Pune",18.4795,73.8149,22-Jul-2018,https://cdn.download.ams.birds.cornell.edu/api/v1/asset/
83,Anas poecilorhyncha,Indian Spot-billed Duck,"Salim Ali Lake, Aurangabad",19.8987,75.3436,10-May-2018,https://cdn.download.ams.birds.cornell.edu/api/v1/asset/
84,Anas poecilorhyncha,Indian Spot-billed Duck,"Ambazari Lake, Nagpur",21.1292,79.0329,19-Apr-2018,https://cdn.download.ams.birds.cornell.edu/api/v1/asset/
85,Anas poecilorhyncha,Indian Spot-billed Duck,"Ambazari Lake, Nagpur",21.1292,79.0329,27-Mar-2018,https://cdn.download.ams.birds.cornell.edu/api/v1/asset/
86,Anas poecilorhyncha,Indian Spot-billed Duck,Pachu Bandar,19.3297,72.8659,25-Mar-2018,https://cdn.download.ams.birds.cornell.edu/api/v1/asset/
87,Anas poecilorhyncha,Indian Spot-billed Duck,"Paradise Lake Resort, Harkul Dam",16.3295,73.8014,3-Mar-2018,https://cdn.download.ams.birds.cornell.edu/api/v1/asset/
88,Anas poecilorhyncha,Indian Spot-billed Duck,"Paradise Lake Resort, Harkul Dam",16.3295,73.8014,3-Mar-2018,https://cdn.download.ams.birds.cornell.edu/api/v1/asset/
89,Anas poecilorhyncha,Indian Spot-billed Duck,"Ambazari Lake, Nagpur",21.1292,79.0329,24-Feb-2018,https://cdn.download.ams.birds.cornell.edu/api/v1/asset/
90,Anas poecilorhyncha,Indian Spot-billed Duck,"Rankala Lake, Kolhapur",16.6884,74.2124,17-Feb-2018,https://cdn.download.ams.birds.cornell.edu/api/v1/asset/
91,Anas poecilorhyncha,Indian Spot-billed Duck,"Ambazari Lake, Nagpur",21.1292,79.0329,17-Feb-2018,https://cdn.download.ams.birds.cornell.edu/api/v1/asset/
92,Anas poecilorhyncha,Indian Spot-billed Duck,"Chhatri Lake--Backwaters, Amravati",20.8955,77.7764,12-Feb-2018,https://cdn.download.ams.birds.cornell.edu/api/v1/asset/
93,Anas poecilorhyncha,Indian Spot-billed Duck,"Bhandup Pumping Station, Mumbai",19.1411,72.961,23-Oct-2017,https://cdn.download.ams.birds.cornell.edu/api/v1/asset/
94,Anas poecilorhyncha,Indian Spot-billed Duck,"Powai Lake, Mumbai",19.1208,72.9024,20-Dec-2015,https://cdn.download.ams.birds.cornell.edu/api/v1/asset/
95,Anas poecilorhyncha,Indian Spot-billed Duck,RCF PLANT,19.0305,72.8854,1-Sep-2017,https://cdn.download.ams.birds.cornell.edu/api/v1/asset/
96,Anas poecilorhyncha,Indian Spot-billed Duck,RCF PLANT,19.0305,72.8854,1-Sep-2017,https://cdn.download.ams.birds.cornell.edu/api/v1/asset/
97,Anas poecilorhyncha,Indian Spot-billed Duck,Kavdi Pat,18.5054,74.0006,13-May-2017,https://cdn.download.ams.birds.cornell.edu/api/v1/asset/
98,Anas poecilorhyncha,Indian Spot-billed Duck,Veer Dam,18.1184,74.0842,26-Mar-2017,https://cdn.download.ams.birds.cornell.edu/api/v1/asset/
99,Anas poecilorhyncha,Indian Spot-billed Duck,Pimprisekam-River Bhogawati,21.0483,75.8638,2-Mar-2017,https://cdn.download.ams.birds.cornell.edu/api/v1/asset/
100,Anas poecilorhyncha,Indian Spot-billed Duck,Popatkhed reservoir,21.2115,77.0844,22-Jan-2017,https://cdn.download.ams.birds.cornell.edu/api/v1/asset/
101,Anas poecilorhyncha,Indian Spot-billed Duck,"Bahula Dam, Jalgaon",20.6936,75.3966,8-Jan-2017,https://cdn.download.ams.birds.cornell.edu/api/v1/asset/
102,Anas poecilorhyncha,Indian Spot-billed Duck,Inside the gate  of pashan lake,18.5363,73.7834,4-Oct-2016,https://cdn.download.ams.birds.cornell.edu/api/v1/asset/
103,Anas poecilorhyncha,Indian Spot-billed Duck,"Mehrun Lake, Tambapura, Jalgaon, Maharashtra",20.9804,75.5651,14-Aug-2016,https://cdn.download.ams.birds.cornell.edu/api/v1/asset/
104,Anas poecilorhyncha,Indian Spot-billed Duck,"Panje, Uran",18.908,72.9492,13-Feb-2016,https://cdn.download.ams.birds.cornell.edu/api/v1/asset/
105,Anas poecilorhyncha,Indian Spot-billed Duck,Tapti River--behind BTPS,21.0602,75.8353,29-Jul-2020,https://cdn.download.ams.birds.cornell.edu/api/v1/asset/
106,Anas poecilorhyncha,Indian Spot-billed Duck,Tapti River--behind BTPS,21.0602,75.8353,29-Jul-2020,https://cdn.download.ams.birds.cornell.edu/api/v1/asset/
107,Anas poecilorhyncha,Indian Spot-billed Duck,Tapti River--behind BTPS,21.0602,75.8353,29-Jul-2020,https://cdn.download.ams.birds.cornell.edu/api/v1/asset/
108,Anas poecilorhyncha,Indian Spot-billed Duck,Tapti River--behind BTPS,21.0602,75.8353,29-Jul-2020,https://cdn.download.ams.birds.cornell.edu/api/v1/asset/
109,Anas poecilorhyncha,Indian Spot-billed Duck,Seawoods--Navi Mumbai,19.0101,73.0094,21-Oct-2018,https://cdn.download.ams.birds.cornell.edu/api/v1/asset/
110,Anas poecilorhyncha,Indian Spot-billed Duck,"Ambazari Lake--Backwaters, Nagpur",21.1389,79.0236,12-Jul-2020,https://cdn.download.ams.birds.cornell.edu/api/v1/asset/
111,Anas poecilorhyncha,Indian Spot-billed Duck,"Nakane Lake, Dhule",20.886,74.7273,18-Feb-2016,https://cdn.download.ams.birds.cornell.edu/api/v1/asset/
112,Anas poecilorhyncha,Indian Spot-billed Duck,"Bahula Dam, Jalgaon",20.6936,75.3966,18-Jan-2016,https://cdn.download.ams.birds.cornell.edu/api/v1/asset/
113,Anas poecilorhyncha,Indian Spot-billed Duck,"Mehrun Lake, Tambapura, Jalgaon, Maharashtra",20.9804,75.5651,23-Dec-2015,https://cdn.download.ams.birds.cornell.edu/api/v1/asset/
114,Anas poecilorhyncha,Indian Spot-billed Duck,"Moharli, Maharashtra, IN (20.19, 79.33)",20.19,79.3299,4-Apr-2020,https://cdn.download.ams.birds.cornell.edu/api/v1/asset/
115,Anas poecilorhyncha,Indian Spot-billed Duck,"Mehrun Lake, Tambapura, Jalgaon, Maharashtra",20.9804,75.5651,3-Dec-2015,https://cdn.download.ams.birds.cornell.edu/api/v1/asset/
116,Anas poecilorhyncha,Indian Spot-billed Duck,"Pashan Lake, Pune",18.5318,73.7854,27-Nov-2015,https://cdn.download.ams.birds.cornell.edu/api/v1/asset/
117,Anas poecilorhyncha,Indian Spot-billed Duck,Lokhandwala Lake,19.1447,72.8177,5-Jan-2020,https://cdn.download.ams.birds.cornell.edu/api/v1/asset/
118,Anas poecilorhyncha,Indian Spot-billed Duck,Lokhandwala Lake--Mangroves,19.1438,72.8183,10-Dec-2019,https://cdn.download.ams.birds.cornell.edu/api/v1/asset/
119,Anas poecilorhyncha,Indian Spot-billed Duck,Lokhandwala Lake--Mangroves,19.1438,72.8183,10-Dec-2019,https://cdn.download.ams.birds.cornell.edu/api/v1/asset/
120,Anas poecilorhyncha,Indian Spot-billed Duck,Lokhandwala Lake--Mangroves,19.1438,72.8183,13-Nov-2019,https://cdn.download.ams.birds.cornell.edu/api/v1/asset/
121,Anas poecilorhyncha,Indian Spot-billed Duck,"Bhandup Pumping Station, Mumbai",19.1411,72.961,11-Aug-2019,https://cdn.download.ams.birds.cornell.edu/api/v1/asset/
122,Anas poecilorhyncha,Indian Spot-billed Duck,Bhusawal Thermal Power Station (BTPS)--Sewage Treatment Plant,21.0405,75.8396,1-Jul-2019,https://cdn.download.ams.birds.cornell.edu/api/v1/asset/
123,Anas poecilorhyncha,Indian Spot-billed Duck,"Great Indian Bustard Sanctuary, Nannaj",17.8248,75.8678,30-Jun-2019,https://cdn.download.ams.birds.cornell.edu/api/v1/asset/
124,Anas poecilorhyncha,Indian Spot-billed Duck,"JugaDevi Side Tapti River_Maharashtra, IN (21.064, 75.762)",21.0642,75.7618,21-May-2019,https://cdn.download.ams.birds.cornell.edu/api/v1/asset/
125,Anas poecilorhyncha,Indian Spot-billed Duck,"JugaDevi Side Tapti River_Maharashtra, IN (21.064, 75.762)",21.0642,75.7618,21-May-2019,https://cdn.download.ams.birds.cornell.edu/api/v1/asset/
126,Anas poecilorhyncha,Indian Spot-billed Duck,Tapti River--behind BTPS,21.0602,75.8353,17-May-2019,https://cdn.download.ams.birds.cornell.edu/api/v1/asset/
127,Anas poecilorhyncha,Indian Spot-billed Duck,Tapti River--behind BTPS,21.0602,75.8353,17-May-2019,https://cdn.download.ams.birds.cornell.edu/api/v1/asset/
128,Anas poecilorhyncha,Indian Spot-billed Duck,"Tapti BTPS RESERVOIR (21.06, 75.852)",21.0596,75.8519,12-May-2019,https://cdn.download.ams.birds.cornell.edu/api/v1/asset/
129,Anas poecilorhyncha,Indian Spot-billed Duck,"Tapti BTPS RESERVOIR (21.06, 75.852)",21.0596,75.8519,12-May-2019,https://cdn.download.ams.birds.cornell.edu/api/v1/asset/
130,Anas poecilorhyncha,Indian Spot-billed Duck,"Tapti BTPS RESERVOIR (21.06, 75.852)",21.0596,75.8519,12-May-2019,https://cdn.download.ams.birds.cornell.edu/api/v1/asset/
131,Anas poecilorhyncha,Indian Spot-billed Duck,"Tapti BTPS RESERVOIR (21.06, 75.852)",21.0596,75.8519,12-May-2019,https://cdn.download.ams.birds.cornell.edu/api/v1/asset/
132,Anas poecilorhyncha,Indian Spot-billed Duck,Tapti River--behind BTPS,21.0602,75.8353,12-Apr-2019,https://cdn.download.ams.birds.cornell.edu/api/v1/asset/
133,Anas poecilorhyncha,Indian Spot-billed Duck,Tapti River--behind BTPS,21.0602,75.8353,12-Apr-2019,https://cdn.download.ams.birds.cornell.edu/api/v1/asset/
134,Anas poecilorhyncha,Indian Spot-billed Duck,Tapti River--behind BTPS,21.0602,75.8353,12-Apr-2019,https://cdn.download.ams.birds.cornell.edu/api/v1/asset/
135,Anas poecilorhyncha,Indian Spot-billed Duck,Tapti River--behind BTPS,21.0602,75.8353,12-Apr-2019,https://cdn.download.ams.birds.cornell.edu/api/v1/asset/
136,Anas poecilorhyncha,Indian Spot-billed Duck,Tapti River--behind BTPS,21.0602,75.8353,12-Apr-2019,https://cdn.download.ams.birds.cornell.edu/api/v1/asset/
137,Anas poecilorhyncha,Indian Spot-billed Duck,Tapti River--behind BTPS,21.0602,75.8353,12-Apr-2019,https://cdn.download.ams.birds.cornell.edu/api/v1/asset/
138,Anas poecilorhyncha,Indian Spot-billed Duck,Tapti River--behind BTPS,21.0602,75.8353,12-Apr-2019,https://cdn.download.ams.birds.cornell.edu/api/v1/asset/
139,Anas poecilorhyncha,Indian Spot-billed Duck,Ajanta-andhari dam,20.5087,75.7633,29-Dec-2018,https://cdn.download.ams.birds.cornell.edu/api/v1/asset/
140,Anas poecilorhyncha,Indian Spot-billed Duck,"Bhandup Pumping Station, Mumbai",19.1411,72.961,20-Jan-2018,https://cdn.download.ams.birds.cornell.edu/api/v1/asset/
141,Anas poecilorhyncha,Indian Spot-billed Duck,Kapurwadi lake,19.1168,74.7798,10-Mar-2018,https://cdn.download.ams.birds.cornell.edu/api/v1/asset/
142,Anas poecilorhyncha,Indian Spot-billed Duck,Khadakwasla Dam,18.4295,73.758,17-Feb-2018,https://cdn.download.ams.birds.cornell.edu/api/v1/asset/
143,Anas poecilorhyncha,Indian Spot-billed Duck,"Gorewada Lake, Nagpur",21.1973,79.0381,23-Nov-2016,https://cdn.download.ams.birds.cornell.edu/api/v1/asset/
144,Anas poecilorhyncha,Indian Spot-billed Duck,Inside the gate  of pashan lake,18.5363,73.7834,4-Oct-2016,https://cdn.download.ams.birds.cornell.edu/api/v1/asset/
145,Anas poecilorhyncha,Indian Spot-billed Duck,"Pat Talav (Lake), Malvan",15.9652,73.5728,21-Dec-2018,https://cdn.download.ams.birds.cornell.edu/api/v1/asset/
146,Anas poecilorhyncha,Indian Spot-billed Duck,Tapti River--behind BTPS,21.0602,75.8353,12-Apr-2019,https://cdn.download.ams.birds.cornell.edu/api/v1/asset/
147,Anas poecilorhyncha,Indian Spot-billed Duck,"Gorewada Lake, Nagpur",21.1973,79.0381,10-Apr-2018,https://cdn.download.ams.birds.cornell.edu/api/v1/asset/
148,Anas poecilorhyncha,Indian Spot-billed Duck,"Paradgaon Dam, Nagpur",20.9356,79.2261,22-Mar-2018,https://cdn.download.ams.birds.cornell.edu/api/v1/asset/
149,Anas poecilorhyncha,Indian Spot-billed Duck,"Maharashtra, IN (18.505, 74.001)",18.5054,74.0005,23-Mar-2018,https://cdn.download.ams.birds.cornell.edu/api/v1/asset/
150,Anas poecilorhyncha,Indian Spot-billed Duck,Parsik Nagar,19.2117,73.0119,17-Jan-2018,https://cdn.download.ams.birds.cornell.edu/api/v1/asset/
151,Anas poecilorhyncha,Indian Spot-billed Duck,Parsik Nagar,19.2117,73.0119,17-Jan-2018,https://cdn.download.ams.birds.cornell.edu/api/v1/asset/
152,Anas poecilorhyncha,Indian Spot-billed Duck,"Telhara Reservoir, Nagpur",21.0643,79.014,3-Mar-2018,https://cdn.download.ams.birds.cornell.edu/api/v1/asset/
153,Anas poecilorhyncha,Indian Spot-billed Duck,KORADI,21.2604,79.0876,27-Feb-2018,https://cdn.download.ams.birds.cornell.edu/api/v1/asset/
154,Anas poecilorhyncha,Indian Spot-billed Duck,"Bhandup Pumping Station, Mumbai",19.1411,72.961,18-Feb-2018,https://cdn.download.ams.birds.cornell.edu/api/v1/asset/
155,Anas poecilorhyncha,Indian Spot-billed Duck,"Mihan, Nagpur",21.0773,79.0461,26-Jan-2018,https://cdn.download.ams.birds.cornell.edu/api/v1/asset/
156,Anas poecilorhyncha,Indian Spot-billed Duck,"Rajavali Marshes, Vasai",19.3855,72.8508,25-Dec-2017,https://cdn.download.ams.birds.cornell.edu/api/v1/asset/
157,Anas poecilorhyncha,Indian Spot-billed Duck,"Rajavali Marshes, Vasai",19.3855,72.8508,25-Dec-2017,https://cdn.download.ams.birds.cornell.edu/api/v1/asset/
158,Anas poecilorhyncha,Indian Spot-billed Duck,RCF PLANT,19.0305,72.8854,23-Dec-2017,https://cdn.download.ams.birds.cornell.edu/api/v1/asset/
159,Anas poecilorhyncha,Indian Spot-billed Duck,"Bhandup Pumping Station, Mumbai",19.1411,72.961,24-Dec-2017,https://cdn.download.ams.birds.cornell.edu/api/v1/asset/
160,Anas poecilorhyncha,Indian Spot-billed Duck,"Bhandup Pumping Station, Mumbai",19.1411,72.961,12-Oct-2016,https://cdn.download.ams.birds.cornell.edu/api/v1/asset/
161,Anas poecilorhyncha,Indian Spot-billed Duck,Veer Dam,18.1184,74.0842,26-Mar-2017,https://cdn.download.ams.birds.cornell.edu/api/v1/asset/
162,Anas poecilorhyncha,Indian Spot-billed Duck,"Bhandup Pumping Station, Mumbai",19.1411,72.961,17-Mar-2017,https://cdn.download.ams.birds.cornell.edu/api/v1/asset/
163,Anas poecilorhyncha,Indian Spot-billed Duck,Gularghat Pond,21.2643,77.0262,28-Jan-2017,https://cdn.download.ams.birds.cornell.edu/api/v1/asset/
164,Anas poecilorhyncha,Indian Spot-billed Duck,Popatkhed reservoir,21.2115,77.0844,22-Jan-2017,https://cdn.download.ams.birds.cornell.edu/api/v1/asset/
165,Anas poecilorhyncha,Indian Spot-billed Duck,IN-Maharashtra-Pune-Phule Nagar-Akluj Road - 18.544x73.885,18.5437,73.8851,13-Jan-2017,https://cdn.download.ams.birds.cornell.edu/api/v1/asset/
166,Anas poecilorhyncha,Indian Spot-billed Duck,Khadakwasla Dam,18.4295,73.758,25-Dec-2016,https://cdn.download.ams.birds.cornell.edu/api/v1/asset/
167,Anas poecilorhyncha,Indian Spot-billed Duck,Khadakwasla Dam,18.4295,73.758,25-Dec-2016,https://cdn.download.ams.birds.cornell.edu/api/v1/asset/
168,Anas poecilorhyncha,Indian Spot-billed Duck,"Pashan Lake, Pune",18.5318,73.7854,10-May-2015,https://cdn.download.ams.birds.cornell.edu/api/v1/asset/
169,Anas poecilorhyncha,Indian Spot-billed Duck,"Eco Park, Nanded City",18.4546,73.7852,21-Aug-2016,https://cdn.download.ams.birds.cornell.edu/api/v1/asset/
170,Anas poecilorhyncha,Indian Spot-billed Duck,"Mehrun Lake, Tambapura, Jalgaon, Maharashtra",20.9804,75.5651,24-Jun-2016,https://cdn.download.ams.birds.cornell.edu/api/v1/asset/
171,Anas poecilorhyncha,Indian Spot-billed Duck,"Bhopar grasslands, Thane",19.1921,73.0726,14-Feb-2016,https://cdn.download.ams.birds.cornell.edu/api/v1/asset/
172,Anas poecilorhyncha,Indian Spot-billed Duck,Kapurwadi lake,19.1168,74.7798,12-Sep-2020,https://cdn.download.ams.birds.cornell.edu/api/v1/asset/
173,Anas poecilorhyncha,Indian Spot-billed Duck,Kapurwadi lake,19.1168,74.7798,12-Sep-2020,https://cdn.download.ams.birds.cornell.edu/api/v1/asset/
174,Anas poecilorhyncha,Indian Spot-billed Duck,"Mehrun Lake, Tambapura, Jalgaon, Maharashtra",20.9804,75.5651,17-Mar-2016,https://cdn.download.ams.birds.cornell.edu/api/v1/asset/
175,Anas poecilorhyncha,Indian Spot-billed Duck,"Mehrun Lake, Tambapura, Jalgaon, Maharashtra",20.9804,75.5651,17-Mar-2016,https://cdn.download.ams.birds.cornell.edu/api/v1/asset/
176,Anas poecilorhyncha,Indian Spot-billed Duck,Tapti River--behind BTPS,21.0602,75.8353,29-Jul-2020,https://cdn.download.ams.birds.cornell.edu/api/v1/asset/
177,Anas poecilorhyncha,Indian Spot-billed Duck,Bhigwan -- Diksal,18.3116,74.7927,16-Dec-2018,https://cdn.download.ams.birds.cornell.edu/api/v1/asset/
178,Anas poecilorhyncha,Indian Spot-billed Duck,"Ambazari Lake--Backwaters, Nagpur",21.1389,79.0236,12-Jul-2020,https://cdn.download.ams.birds.cornell.edu/api/v1/asset/
179,Anas poecilorhyncha,Indian Spot-billed Duck,"Nakane Lake, Dhule",20.886,74.7273,18-Feb-2016,https://cdn.download.ams.birds.cornell.edu/api/v1/asset/
180,Anas poecilorhyncha,Indian Spot-billed Duck,Tapti River--behind BTPS,21.0602,75.8353,15-May-2020,https://cdn.download.ams.birds.cornell.edu/api/v1/asset/
181,Anas poecilorhyncha,Indian Spot-billed Duck,"Bena, Near Vasai Beach",19.3469,72.7909,18-Oct-2018,https://cdn.download.ams.birds.cornell.edu/api/v1/asset/
182,Anas poecilorhyncha,Indian Spot-billed Duck,Bhigwan -- Kumbhargaon Bird Sanctuary,18.2887,74.776,27-Jan-2019,https://cdn.download.ams.birds.cornell.edu/api/v1/asset/
183,Anas poecilorhyncha,Indian Spot-billed Duck,Bhigwan -- Kumbhargaon Bird Sanctuary,18.2887,74.776,27-Jan-2019,https://cdn.download.ams.birds.cornell.edu/api/v1/asset/
184,Anas poecilorhyncha,Indian Spot-billed Duck,Dhargad,21.2623,76.9882,10-Jan-2016,https://cdn.download.ams.birds.cornell.edu/api/v1/asset/
185,Anas poecilorhyncha,Indian Spot-billed Duck,"Mehrun Lake, Tambapura, Jalgaon, Maharashtra",20.9804,75.5651,26-Dec-2015,https://cdn.download.ams.birds.cornell.edu/api/v1/asset/
186,Anas poecilorhyncha,Indian Spot-billed Duck,"Mehrun Lake, Tambapura, Jalgaon, Maharashtra",20.9804,75.5651,3-Dec-2015,https://cdn.download.ams.birds.cornell.edu/api/v1/asset/
187,Anas poecilorhyncha,Indian Spot-billed Duck,"Manyrkhede,Jalgaon,Maharashtra",20.9912,75.8918,2-Dec-2015,https://cdn.download.ams.birds.cornell.edu/api/v1/asset/
188,Anas poecilorhyncha,Indian Spot-billed Duck,"Pohra forest, Amravati",20.8924,77.8774,15-Nov-2015,https://cdn.download.ams.birds.cornell.edu/api/v1/asset/
189,Anas poecilorhyncha,Indian Spot-billed Duck,Lokhandwala Lake--Mangroves,19.1438,72.8183,13-Nov-2019,https://cdn.download.ams.birds.cornell.edu/api/v1/asset/
190,Anas poecilorhyncha,Indian Spot-billed Duck,Lokhandwala Lake--Mangroves,19.1438,72.8183,12-Oct-2019,https://cdn.download.ams.birds.cornell.edu/api/v1/asset/
191,Anas poecilorhyncha,Indian Spot-billed Duck,Bhusawal Thermal Power Station (BTPS)--Sewage Treatment Plant,21.0405,75.8396,1-Jul-2019,https://cdn.download.ams.birds.cornell.edu/api/v1/asset/
192,Anas poecilorhyncha,Indian Spot-billed Duck,Bhusawal Thermal Power Station (BTPS)--Sewage Treatment Plant,21.0405,75.8396,1-Jul-2019,https://cdn.download.ams.birds.cornell.edu/api/v1/asset/
193,Anas poecilorhyncha,Indian Spot-billed Duck,"JugaDevi Side Tapti River_Maharashtra, IN (21.064, 75.762)",21.0642,75.7618,21-May-2019,https://cdn.download.ams.birds.cornell.edu/api/v1/asset/
194,Anas poecilorhyncha,Indian Spot-billed Duck,"JugaDevi Side Tapti River_Maharashtra, IN (21.064, 75.762)",21.0642,75.7618,21-May-2019,https://cdn.download.ams.birds.cornell.edu/api/v1/asset/
195,Anas poecilorhyncha,Indian Spot-billed Duck,Tapti River--behind BTPS,21.0602,75.8353,17-May-2019,https://cdn.download.ams.birds.cornell.edu/api/v1/asset/
196,Anas poecilorhyncha,Indian Spot-billed Duck,Tapti River--behind BTPS,21.0602,75.8353,17-May-2019,https://cdn.download.ams.birds.cornell.edu/api/v1/asset/
197,Anas poecilorhyncha,Indian Spot-billed Duck,Salim Ali Sarovar,19.8993,75.339,17-Nov-2018,https://cdn.download.ams.birds.cornell.edu/api/v1/asset/
198,Anas poecilorhyncha,Indian Spot-billed Duck,Salim Ali Sarovar,19.8993,75.339,17-Nov-2018,https://cdn.download.ams.birds.cornell.edu/api/v1/asset/
199,Anas poecilorhyncha,Indian Spot-billed Duck,Gosekhurd,20.8665,79.6024,11-Nov-2018,https://cdn.download.ams.birds.cornell.edu/api/v1/asset/
200,Anas poecilorhyncha,Indian Spot-billed Duck,Gosekhurd,20.8665,79.6024,11-Nov-2018,https://cdn.download.ams.birds.cornell.edu/api/v1/asset/
201,Anas poecilorhyncha,Indian Spot-billed Duck,Amboli Village,15.9623,73.9977,16-Sep-2018,https://cdn.download.ams.birds.cornell.edu/api/v1/asset/
202,Anas poecilorhyncha,Indian Spot-billed Duck,Tapti River--behind BTPS,21.0602,75.8353,25-Jan-2020,https://cdn.download.ams.birds.cornell.edu/api/v1/asset/
203,Anas poecilorhyncha,Indian Spot-billed Duck,"Pegasus Institute, Kamshet",18.8355,73.5122,24-Feb-2018,https://cdn.download.ams.birds.cornell.edu/api/v1/asset/
204,Anas poecilorhyncha,Indian Spot-billed Duck,"Bhopar grasslands, Thane",19.1921,73.0726,4-Feb-2018,https://cdn.download.ams.birds.cornell.edu/api/v1/asset/
205,Anas poecilorhyncha,Indian Spot-billed Duck,"SH8, Muktainagar IN-Maharashtra (21.0557,76.0673)",21.0557,76.0673,28-Jan-2018,https://cdn.download.ams.birds.cornell.edu/api/v1/asset/
206,Anas poecilorhyncha,Indian Spot-billed Duck,"Bhandup Pumping Station, Mumbai",19.1411,72.961,6-Dec-2017,https://cdn.download.ams.birds.cornell.edu/api/v1/asset/
207,Anas poecilorhyncha,Indian Spot-billed Duck,Kapurwadi lake,19.1168,74.7798,15-May-2017,https://cdn.download.ams.birds.cornell.edu/api/v1/asset/
208,Anas poecilorhyncha,Indian Spot-billed Duck,IN - 21.198x79.618 - Khurshipar Navin Talao,21.1983,79.618,20-Mar-2017,https://cdn.download.ams.birds.cornell.edu/api/v1/asset/
209,Anas poecilorhyncha,Indian Spot-billed Duck,Tapti River--behind BTPS,21.0602,75.8353,4-Mar-2017,https://cdn.download.ams.birds.cornell.edu/api/v1/asset/
210,Anas poecilorhyncha,Indian Spot-billed Duck,Pimprisekam-River Bhogawati,21.0483,75.8638,2-Mar-2017,https://cdn.download.ams.birds.cornell.edu/api/v1/asset/
211,Anas poecilorhyncha,Indian Spot-billed Duck,IN-Maharashtra-Pune-Phule Nagar-Akluj Road - 18.544x73.885,18.5437,73.8851,13-Jan-2017,https://cdn.download.ams.birds.cornell.edu/api/v1/asset/
212,Anas poecilorhyncha,Indian Spot-billed Duck,"Kaas  Plateau, Satara",17.7249,73.8268,21-Sep-2016,https://cdn.download.ams.birds.cornell.edu/api/v1/asset/
213,Anas poecilorhyncha,Indian Spot-billed Duck,"Mehrun Lake, Tambapura, Jalgaon, Maharashtra",20.9804,75.5651,24-Jun-2016,https://cdn.download.ams.birds.cornell.edu/api/v1/asset/
214,Anas poecilorhyncha,Indian Spot-billed Duck,"Bhandup Pumping Station, Mumbai",19.1411,72.961,2-Oct-2020,https://cdn.download.ams.birds.cornell.edu/api/v1/asset/
215,Anas poecilorhyncha,Indian Spot-billed Duck,Tapti River--behind BTPS,21.0602,75.8353,29-Jul-2020,https://cdn.download.ams.birds.cornell.edu/api/v1/asset/
216,Anas poecilorhyncha,Indian Spot-billed Duck,"Mehrun Lake, Tambapura, Jalgaon, Maharashtra",20.9804,75.5651,23-Dec-2015,https://cdn.download.ams.birds.cornell.edu/api/v1/asset/
217,Anas poecilorhyncha,Indian Spot-billed Duck,"Umela swamps, Vasai",19.365,72.8224,25-Mar-2020,https://cdn.download.ams.birds.cornell.edu/api/v1/asset/
218,Anas poecilorhyncha,Indian Spot-billed Duck,Tirupati City,20.0946,77.1443,15-Nov-2015,https://cdn.download.ams.birds.cornell.edu/api/v1/asset/
219,Anas poecilorhyncha,Indian Spot-billed Duck,Tapti River--behind BTPS,21.0602,75.8353,22-Aug-2019,https://cdn.download.ams.birds.cornell.edu/api/v1/asset/
220,Anas poecilorhyncha,Indian Spot-billed Duck,"JugaDevi Side Tapti River_Maharashtra, IN (21.064, 75.762)",21.0642,75.7618,21-May-2019,https://cdn.download.ams.birds.cornell.edu/api/v1/asset/
221,Anas poecilorhyncha,Indian Spot-billed Duck,"Bhandup Pumping Station, Mumbai",19.1411,72.961,15-Apr-2018,https://cdn.download.ams.birds.cornell.edu/api/v1/asset/
222,Anas poecilorhyncha,Indian Spot-billed Duck,Bhigwan -- Kumbhargaon Bird Sanctuary,18.2887,74.776,3-Mar-2018,https://cdn.download.ams.birds.cornell.edu/api/v1/asset/
223,Anas poecilorhyncha,Indian Spot-billed Duck,ARAI Hills (Vetal Tekdi),18.5279,73.8175,9-Mar-2018,https://cdn.download.ams.birds.cornell.edu/api/v1/asset/
224,Anas poecilorhyncha,Indian Spot-billed Duck,Khadakwasla Dam,18.4295,73.758,4-Mar-2018,https://cdn.download.ams.birds.cornell.edu/api/v1/asset/
225,Anas poecilorhyncha,Indian Spot-billed Duck,ARAI Hills (Vetal Tekdi),18.5279,73.8175,13-Nov-2017,https://cdn.download.ams.birds.cornell.edu/api/v1/asset/
226,Anas poecilorhyncha,Indian Spot-billed Duck,Kopar Wetlands- Juni Dombivli - Ganesh Ghat,19.2191,73.0704,17-Feb-2017,https://cdn.download.ams.birds.cornell.edu/api/v1/asset/
227,Anas poecilorhyncha,Indian Spot-billed Duck,Khadakwasla Dam,18.4295,73.758,25-Dec-2016,https://cdn.download.ams.birds.cornell.edu/api/v1/asset/
228,Anas poecilorhyncha,Indian Spot-billed Duck,"Mamurabad Road ,Shivaji Nagar,Jalgaon",21.0256,75.5723,10-May-2016,https://cdn.download.ams.birds.cornell.edu/api/v1/asset/
229,Anas poecilorhyncha,Indian Spot-billed Duck,Bhigwan -- Kumbhargaon Bird Sanctuary,18.2887,74.776,2-May-2016,https://cdn.download.ams.birds.cornell.edu/api/v1/asset/
230,Anas poecilorhyncha,Indian Spot-billed Duck,Chandak farm,20.953,74.7172,20-Oct-2020,https://cdn.download.ams.birds.cornell.edu/api/v1/asset/
231,Anas poecilorhyncha,Indian Spot-billed Duck,"Shahapur Lake, Shahapur,Maharashtra State Highway 188, Maharashtra, IN (20.722, 75.803)",20.7219,75.8031,10-Oct-2020,https://cdn.download.ams.birds.cornell.edu/api/v1/asset/
232,Anas poecilorhyncha,Indian Spot-billed Duck,"Shahapur Lake, Shahapur,Maharashtra State Highway 188, Maharashtra, IN (20.722, 75.803)",20.7219,75.8031,10-Oct-2020,https://cdn.download.ams.birds.cornell.edu/api/v1/asset/
233,Anas poecilorhyncha,Indian Spot-billed Duck,"Shahapur Lake, Shahapur,Maharashtra State Highway 188, Maharashtra, IN (20.722, 75.803)",20.7219,75.8031,10-Oct-2020,https://cdn.download.ams.birds.cornell.edu/api/v1/asset/
234,Anas poecilorhyncha,Indian Spot-billed Duck,"Shahapur Lake, Shahapur,Maharashtra State Highway 188, Maharashtra, IN (20.722, 75.803)",20.7219,75.8031,10-Oct-2020,https://cdn.download.ams.birds.cornell.edu/api/v1/asset/
235,Anas poecilorhyncha,Indian Spot-billed Duck,"Shahapur Lake, Shahapur,Maharashtra State Highway 188, Maharashtra, IN (20.722, 75.803)",20.7219,75.8031,10-Oct-2020,https://cdn.download.ams.birds.cornell.edu/api/v1/asset/
236,Anas poecilorhyncha,Indian Spot-billed Duck,"Shahapur Lake, Shahapur,Maharashtra State Highway 188, Maharashtra, IN (20.722, 75.803)",20.7219,75.8031,10-Oct-2020,https://cdn.download.ams.birds.cornell.edu/api/v1/asset/
237,Anas poecilorhyncha,Indian Spot-billed Duck,"Shahapur Lake, Shahapur,Maharashtra State Highway 188, Maharashtra, IN (20.722, 75.803)",20.7219,75.8031,10-Oct-2020,https://cdn.download.ams.birds.cornell.edu/api/v1/asset/
238,Anas poecilorhyncha,Indian Spot-billed Duck,"Godzilla Park Lake, Mumbai, Maharashtra",19.2019,72.8191,12-Feb-2019,https://cdn.download.ams.birds.cornell.edu/api/v1/asset/
239,Anas poecilorhyncha,Indian Spot-billed Duck,"Sector 17, Kharghar",19.0492,73.0846,13-Jun-2020,https://cdn.download.ams.birds.cornell.edu/api/v1/asset/
240,Anas poecilorhyncha,Indian Spot-billed Duck,Sarola Baddi road,19.0825,74.8333,10-Oct-2020,https://cdn.download.ams.birds.cornell.edu/api/v1/asset/
241,Anas poecilorhyncha,Indian Spot-billed Duck,"Sector 17, Kharghar",19.0492,73.0846,9-Feb-2020,https://cdn.download.ams.birds.cornell.edu/api/v1/asset/
242,Anas poecilorhyncha,Indian Spot-billed Duck,"Panje, Uran",18.908,72.9492,3-Oct-2020,https://cdn.download.ams.birds.cornell.edu/api/v1/asset/
243,Anas poecilorhyncha,Indian Spot-billed Duck,Bhandup Pumping Station,19.1506,72.9565,2-Oct-2020,https://cdn.download.ams.birds.cornell.edu/api/v1/asset/
244,Anas poecilorhyncha,Indian Spot-billed Duck,Kapurwadi lake,19.1168,74.7798,2-Oct-2020,https://cdn.download.ams.birds.cornell.edu/api/v1/asset/
245,Anas poecilorhyncha,Indian Spot-billed Duck,"Bhandup Pumping Station, Mumbai",19.1411,72.961,1-Oct-2020,https://cdn.download.ams.birds.cornell.edu/api/v1/asset/
246,Anas poecilorhyncha,Indian Spot-billed Duck,"Sector 17, Kharghar",19.0492,73.0846,18-Dec-2019,https://cdn.download.ams.birds.cornell.edu/api/v1/asset/
247,Anas poecilorhyncha,Indian Spot-billed Duck,"Sector 17, Kharghar",19.0492,73.0846,1-Dec-2019,https://cdn.download.ams.birds.cornell.edu/api/v1/asset/
248,Anas poecilorhyncha,Indian Spot-billed Duck,"Sector 17, Kharghar",19.0492,73.0846,23-Nov-2019,https://cdn.download.ams.birds.cornell.edu/api/v1/asset/
249,Anas poecilorhyncha,Indian Spot-billed Duck,"Sector 28, Kharghar",19.0586,73.0865,30-Oct-2019,https://cdn.download.ams.birds.cornell.edu/api/v1/asset/
250,Anas poecilorhyncha,Indian Spot-billed Duck,"Mihan, Nagpur",21.0773,79.0461,29-Jun-2020,https://cdn.download.ams.birds.cornell.edu/api/v1/asset/
251,Anas poecilorhyncha,Indian Spot-billed Duck,"Mahakal To Surgaon Road, Maharashtra, IN (20.795, 78.637)",20.7955,78.637,21-Sep-2020,https://cdn.download.ams.birds.cornell.edu/api/v1/asset/
252,Anas poecilorhyncha,Indian Spot-billed Duck,Kapurwadi lake,19.1168,74.7798,8-Jul-2020,https://cdn.download.ams.birds.cornell.edu/api/v1/asset/
253,Anas poecilorhyncha,Indian Spot-billed Duck,Kapurwadi lake,19.1168,74.7798,8-Jul-2020,https://cdn.download.ams.birds.cornell.edu/api/v1/asset/
254,Anas poecilorhyncha,Indian Spot-billed Duck,"Mhasoba Wadi, Maharashtra, IN (19.073, 74.632)",19.0728,74.6321,6-Sep-2020,https://cdn.download.ams.birds.cornell.edu/api/v1/asset/
255,Anas poecilorhyncha,Indian Spot-billed Duck,"Mhasoba Wadi, Maharashtra, IN (19.073, 74.632)",19.0728,74.6321,6-Sep-2020,https://cdn.download.ams.birds.cornell.edu/api/v1/asset/
256,Anas poecilorhyncha,Indian Spot-billed Duck,"Bahula Dam , Backwater,Pachora Road, Goradkhede Bk., Maharashtra, IN (20.676, 75.401)",20.6759,75.4014,2-Sep-2020,https://cdn.download.ams.birds.cornell.edu/api/v1/asset/
257,Anas poecilorhyncha,Indian Spot-billed Duck,"Salim Ali Lake, Aurangabad",19.8987,75.3436,1-Sep-2020,https://cdn.download.ams.birds.cornell.edu/api/v1/asset/
258,Anas poecilorhyncha,Indian Spot-billed Duck,"Salim Ali Lake, Aurangabad",19.8987,75.3436,1-Sep-2020,https://cdn.download.ams.birds.cornell.edu/api/v1/asset/
259,Anas poecilorhyncha,Indian Spot-billed Duck,"Salim Ali Lake, Aurangabad",19.8987,75.3436,1-Sep-2020,https://cdn.download.ams.birds.cornell.edu/api/v1/asset/
260,Anas poecilorhyncha,Indian Spot-billed Duck,"Madhai Devi Mandir,Bhadgaon Road, Maharashtra, IN (20.502, 75.095)",20.5024,75.0949,31-Aug-2020,https://cdn.download.ams.birds.cornell.edu/api/v1/asset/
261,Anas poecilorhyncha,Indian Spot-billed Duck,"Maharashtra State Highway 4, Maharashtra, IN (21.244, 75.272)",21.2443,75.2721,2-Sep-2020,https://cdn.download.ams.birds.cornell.edu/api/v1/asset/
262,Anas poecilorhyncha,Indian Spot-billed Duck,"Pashan Lake, Pune",18.5318,73.7854,6-Dec-2019,https://cdn.download.ams.birds.cornell.edu/api/v1/asset/
263,Anas poecilorhyncha,Indian Spot-billed Duck,"Ash Bund Road, Fulgaon, Maharashtra, IN (21.001, 75.87)",21.001,75.8704,11-Aug-2020,https://cdn.download.ams.birds.cornell.edu/api/v1/asset/
264,Anas poecilorhyncha,Indian Spot-billed Duck,Back Water Lake,20.7837,79.5127,27-Jul-2020,https://cdn.download.ams.birds.cornell.edu/api/v1/asset/
265,Anas poecilorhyncha,Indian Spot-billed Duck,Khadakwasla Dam,18.4295,73.758,25-Jul-2020,https://cdn.download.ams.birds.cornell.edu/api/v1/asset/
266,Anas poecilorhyncha,Indian Spot-billed Duck,Khadakwasla Dam,18.4295,73.758,25-Jul-2020,https://cdn.download.ams.birds.cornell.edu/api/v1/asset/
267,Anas poecilorhyncha,Indian Spot-billed Duck,Today Shivam,19.0126,73.0969,26-Jul-2020,https://cdn.download.ams.birds.cornell.edu/api/v1/asset/
268,Anas poecilorhyncha,Indian Spot-billed Duck,"Nagpur Rural, Nagpur IN-MH 21.14099, 78.76323",21.141,78.7632,26-Jul-2020,https://cdn.download.ams.birds.cornell.edu/api/v1/asset/
269,Anas poecilorhyncha,Indian Spot-billed Duck,"Mehrun Lake Jalgaon, Maharashtra, IN (20.978, 75.562)",20.9775,75.5623,21-Jul-2020,https://cdn.download.ams.birds.cornell.edu/api/v1/asset/
270,Anas poecilorhyncha,Indian Spot-billed Duck,"Shirsoli P.B., Maharashtra, IN (20.932, 75.541)",20.9324,75.5414,21-Jul-2020,https://cdn.download.ams.birds.cornell.edu/api/v1/asset/
271,Anas poecilorhyncha,Indian Spot-billed Duck,"Shirsoli P.B., Maharashtra, IN (20.932, 75.541)",20.9324,75.5414,21-Jul-2020,https://cdn.download.ams.birds.cornell.edu/api/v1/asset/
272,Anas poecilorhyncha,Indian Spot-billed Duck,"Mamurabad Road, Maharashtra, IN (21.034, 75.571)",21.0337,75.5708,17-Jul-2020,https://cdn.download.ams.birds.cornell.edu/api/v1/asset/
273,Anas poecilorhyncha,Indian Spot-billed Duck,"Mamurabad Road, Maharashtra, IN (21.034, 75.571)",21.0337,75.5708,17-Jul-2020,https://cdn.download.ams.birds.cornell.edu/api/v1/asset/
274,Anas poecilorhyncha,Indian Spot-billed Duck,"Mamurabad Road, Maharashtra, IN (21.034, 75.571)",21.0337,75.5708,17-Jul-2020,https://cdn.download.ams.birds.cornell.edu/api/v1/asset/
275,Anas poecilorhyncha,Indian Spot-billed Duck,"Saradwadi Road, Saradwadi, Maharashtra, IN (19.847, 73.967)",19.8468,73.9671,12-Jul-2020,https://cdn.download.ams.birds.cornell.edu/api/v1/asset/
276,Anas poecilorhyncha,Indian Spot-billed Duck,"Nakane Lake, Dhule",20.886,74.7273,18-Feb-2016,https://cdn.download.ams.birds.cornell.edu/api/v1/asset/
277,Anas poecilorhyncha,Indian Spot-billed Duck,"Meharun  Lake,Jalgaon, Maharashtra, IN (20.982, 75.566)",20.9824,75.5662,27-Jun-2020,https://cdn.download.ams.birds.cornell.edu/api/v1/asset/
278,Anas poecilorhyncha,Indian Spot-billed Duck,"Meharun  Lake,Jalgaon, Maharashtra, IN (20.982, 75.566)",20.9824,75.5662,27-Jun-2020,https://cdn.download.ams.birds.cornell.edu/api/v1/asset/
279,Anas poecilorhyncha,Indian Spot-billed Duck,"Bahula Dam,Back WaterPachora Road, Goradkhede Bk., Maharashtra, IN (20.681, 75.407)",20.6806,75.4069,22-Jun-2020,https://cdn.download.ams.birds.cornell.edu/api/v1/asset/
280,Anas poecilorhyncha,Indian Spot-billed Duck,"Bahula Dam,Back WaterPachora Road, Goradkhede Bk., Maharashtra, IN (20.681, 75.407)",20.6806,75.4069,22-Jun-2020,https://cdn.download.ams.birds.cornell.edu/api/v1/asset/
281,Anas poecilorhyncha,Indian Spot-billed Duck,"Bahula Dam,Back WaterPachora Road, Goradkhede Bk., Maharashtra, IN (20.681, 75.407)",20.6806,75.4069,22-Jun-2020,https://cdn.download.ams.birds.cornell.edu/api/v1/asset/
282,Anas poecilorhyncha,Indian Spot-billed Duck,"Bahula Dam,Back WaterPachora Road, Goradkhede Bk., Maharashtra, IN (20.681, 75.407)",20.6806,75.4069,22-Jun-2020,https://cdn.download.ams.birds.cornell.edu/api/v1/asset/
283,Anas poecilorhyncha,Indian Spot-billed Duck,"Anjani Dam,Maharashtra State Highway 25, Erandol Rural, Maharashtra, IN (20.897, 75.328)",20.8971,75.3283,22-Jun-2020,https://cdn.download.ams.birds.cornell.edu/api/v1/asset/
284,Anas poecilorhyncha,Indian Spot-billed Duck,"Anjani Dam,Maharashtra State Highway 25, Erandol Rural, Maharashtra, IN (20.897, 75.328)",20.8971,75.3283,22-Jun-2020,https://cdn.download.ams.birds.cornell.edu/api/v1/asset/
285,Anas poecilorhyncha,Indian Spot-billed Duck,"Anjani Dam,Maharashtra State Highway 25, Erandol Rural, Maharashtra, IN (20.897, 75.328)",20.8971,75.3283,22-Jun-2020,https://cdn.download.ams.birds.cornell.edu/api/v1/asset/
286,Anas poecilorhyncha,Indian Spot-billed Duck,Panchganga River,16.7134,74.22,10-May-2020,https://cdn.download.ams.birds.cornell.edu/api/v1/asset/
287,Anas poecilorhyncha,Indian Spot-billed Duck,"Kava Lake, Latur",18.3667,76.5766,14-Sep-2018,https://cdn.download.ams.birds.cornell.edu/api/v1/asset/
288,Anas poecilorhyncha,Indian Spot-billed Duck,"Terrace Of Jeevan Sarita, Tejpal Scheme",19.1068,72.8491,9-Jun-2020,https://cdn.download.ams.birds.cornell.edu/api/v1/asset/
289,Anas poecilorhyncha,Indian Spot-billed Duck,Kiraksal,17.6323,74.5659,8-Jun-2020,https://cdn.download.ams.birds.cornell.edu/api/v1/asset/
290,Anas poecilorhyncha,Indian Spot-billed Duck,Kiraksal,17.6323,74.5659,8-Jun-2020,https://cdn.download.ams.birds.cornell.edu/api/v1/asset/
291,Anas poecilorhyncha,Indian Spot-billed Duck,"Terrace Of Jeevan Sarita, Tejpal Scheme",19.1068,72.8491,30-May-2020,https://cdn.download.ams.birds.cornell.edu/api/v1/asset/
292,Anas poecilorhyncha,Indian Spot-billed Duck,"Terrace Of Jeevan Sarita, Tejpal Scheme",19.1068,72.8491,30-May-2020,https://cdn.download.ams.birds.cornell.edu/api/v1/asset/
293,Anas poecilorhyncha,Indian Spot-billed Duck,"Terrace Of Jeevan Sarita, Tejpal Scheme",19.1068,72.8491,30-May-2020,https://cdn.download.ams.birds.cornell.edu/api/v1/asset/
294,Anas poecilorhyncha,Indian Spot-billed Duck,Maruti Chitampalli Bird Park,21.1336,79.0177,15-May-2016,https://cdn.download.ams.birds.cornell.edu/api/v1/asset/
295,Anas poecilorhyncha,Indian Spot-billed Duck,Maruti Chitampalli Bird Park,21.1336,79.0177,15-May-2016,https://cdn.download.ams.birds.cornell.edu/api/v1/asset/
296,Anas poecilorhyncha,Indian Spot-billed Duck,Khadakwasla Dam,18.4295,73.758,14-Dec-2017,https://cdn.download.ams.birds.cornell.edu/api/v1/asset/
297,Anas poecilorhyncha,Indian Spot-billed Duck,"Terrace Of Jeevan Sarita, Tejpal Scheme",19.1068,72.8491,20-May-2020,https://cdn.download.ams.birds.cornell.edu/api/v1/asset/
298,Anas poecilorhyncha,Indian Spot-billed Duck,"Terrace Of Jeevan Sarita, Tejpal Scheme",19.1068,72.8491,20-May-2020,https://cdn.download.ams.birds.cornell.edu/api/v1/asset/
299,Anas poecilorhyncha,Indian Spot-billed Duck,"Eria Dam Road Moharli, Maharashtra, IN (20.189, 79.33)",20.189,79.3301,16-May-2020,https://cdn.download.ams.birds.cornell.edu/api/v1/asset/
300,Anas poecilorhyncha,Indian Spot-billed Duck,Pagote - Uran,18.8951,72.9945,8-May-2020,https://cdn.download.ams.birds.cornell.edu/api/v1/asset/
301,Anas poecilorhyncha,Indian Spot-billed Duck,"Unnamed Road, Mudholi, Maharashtra, IN (20.255, 79.293)",20.2552,79.2935,30-Apr-2020,https://cdn.download.ams.birds.cornell.edu/api/v1/asset/
302,Anas poecilorhyncha,Indian Spot-billed Duck,Bhigwan -- Dhumalwadicha Naalaa,18.2996,74.7644,18-May-2016,https://cdn.download.ams.birds.cornell.edu/api/v1/asset/
303,Anas poecilorhyncha,Indian Spot-billed Duck,Bhigwan -- Dhumalwadicha Naalaa,18.2996,74.7644,18-May-2016,https://cdn.download.ams.birds.cornell.edu/api/v1/asset/
304,Anas poecilorhyncha,Indian Spot-billed Duck,Bhigwan -- Dhumalwadicha Naalaa,18.2996,74.7644,18-May-2016,https://cdn.download.ams.birds.cornell.edu/api/v1/asset/
305,Anas poecilorhyncha,Indian Spot-billed Duck,Bhigwan -- Dhumalwadicha Naalaa,18.2996,74.7644,18-May-2016,https://cdn.download.ams.birds.cornell.edu/api/v1/asset/
306,Anas poecilorhyncha,Indian Spot-billed Duck,"Moharli, Chandrapur",20.1904,79.3318,16-Feb-2020,https://cdn.download.ams.birds.cornell.edu/api/v1/asset/
307,Anas poecilorhyncha,Indian Spot-billed Duck,ARAI Hills (Vetal Tekdi),18.5279,73.8175,10-Sep-2018,https://cdn.download.ams.birds.cornell.edu/api/v1/asset/
308,Anas poecilorhyncha,Indian Spot-billed Duck,Bhigwan -- Kumbhargaon Bird Sanctuary,18.2887,74.776,3-Nov-2018,https://cdn.download.ams.birds.cornell.edu/api/v1/asset/
309,Anas poecilorhyncha,Indian Spot-billed Duck,ARAI Hills (Vetal Tekdi),18.5279,73.8175,21-Oct-2019,https://cdn.download.ams.birds.cornell.edu/api/v1/asset/
310,Anas poecilorhyncha,Indian Spot-billed Duck,ARAI Hills (Vetal Tekdi),18.5279,73.8175,21-Oct-2019,https://cdn.download.ams.birds.cornell.edu/api/v1/asset/
311,Anas poecilorhyncha,Indian Spot-billed Duck,Nandur-Madhyameshwar bird sanctuary,20.0069,74.1189,21-Mar-2019,https://cdn.download.ams.birds.cornell.edu/api/v1/asset/
312,Anas poecilorhyncha,Indian Spot-billed Duck,"Umela swamps, Vasai",19.365,72.8224,18-Mar-2020,https://cdn.download.ams.birds.cornell.edu/api/v1/asset/
313,Anas poecilorhyncha,Indian Spot-billed Duck,Mula River -- Baner,18.5648,73.7945,17-Mar-2020,https://cdn.download.ams.birds.cornell.edu/api/v1/asset/
314,Anas poecilorhyncha,Indian Spot-billed Duck,Mula River -- Baner,18.5648,73.7945,17-Mar-2020,https://cdn.download.ams.birds.cornell.edu/api/v1/asset/
315,Anas poecilorhyncha,Indian Spot-billed Duck,Mula River -- Baner,18.5648,73.7945,17-Mar-2020,https://cdn.download.ams.birds.cornell.edu/api/v1/asset/
316,Anas poecilorhyncha,Indian Spot-billed Duck,Mula River -- Baner,18.5648,73.7945,12-Mar-2020,https://cdn.download.ams.birds.cornell.edu/api/v1/asset/
317,Anas poecilorhyncha,Indian Spot-billed Duck,"Bhandup Pumping Station, Mumbai",19.1411,72.961,24-Oct-2019,https://cdn.download.ams.birds.cornell.edu/api/v1/asset/
318,Anas poecilorhyncha,Indian Spot-billed Duck,Nandur-Madhyameshwar bird sanctuary,20.0069,74.1189,2-Mar-2020,https://cdn.download.ams.birds.cornell.edu/api/v1/asset/
319,Anas poecilorhyncha,Indian Spot-billed Duck,Bhandup Pumping Station,19.1411,72.9613,7-Jul-2016,https://cdn.download.ams.birds.cornell.edu/api/v1/asset/
320,Anas poecilorhyncha,Indian Spot-billed Duck,Symbiosis International University--Director's Bungalow,18.5322,73.7378,16-Mar-2020,https://cdn.download.ams.birds.cornell.edu/api/v1/asset/
321,Anas poecilorhyncha,Indian Spot-billed Duck,Mula River -- Baner,18.5648,73.7945,14-Mar-2020,https://cdn.download.ams.birds.cornell.edu/api/v1/asset/
322,Anas poecilorhyncha,Indian Spot-billed Duck,"Nimkhedi Road , Jalgaon, Maharashtra, IN (21.022, 75.517)",21.0222,75.5167,15-Mar-2020,https://cdn.download.ams.birds.cornell.edu/api/v1/asset/
323,Anas poecilorhyncha,Indian Spot-billed Duck,"Nimkhedi Road , Jalgaon, Maharashtra, IN (21.022, 75.517)",21.0222,75.5167,15-Mar-2020,https://cdn.download.ams.birds.cornell.edu/api/v1/asset/
324,Anas poecilorhyncha,Indian Spot-billed Duck,"Nimkhedi Road , Jalgaon, Maharashtra, IN (21.022, 75.517)",21.0222,75.5167,15-Mar-2020,https://cdn.download.ams.birds.cornell.edu/api/v1/asset/
325,Anas poecilorhyncha,Indian Spot-billed Duck,"Meharun Lake  Jalgaon, Maharashtra, IN (20.98, 75.565)",20.9798,75.5647,8-Mar-2020,https://cdn.download.ams.birds.cornell.edu/api/v1/asset/
326,Anas poecilorhyncha,Indian Spot-billed Duck,Tapti River--behind BTPS,21.0602,75.8353,6-Mar-2020,https://cdn.download.ams.birds.cornell.edu/api/v1/asset/
327,Anas poecilorhyncha,Indian Spot-billed Duck,"Pune, Maharashtra, IN (18.547, 73.889)",18.5472,73.8894,4-Mar-2020,https://cdn.download.ams.birds.cornell.edu/api/v1/asset/
328,Anas poecilorhyncha,Indian Spot-billed Duck,Korambi Lake,20.6001,79.5824,28-Feb-2020,https://cdn.download.ams.birds.cornell.edu/api/v1/asset/
329,Anas poecilorhyncha,Indian Spot-billed Duck,Lokhandwala Lake--Mangroves,19.1438,72.8183,11-Jan-2020,https://cdn.download.ams.birds.cornell.edu/api/v1/asset/
330,Anas poecilorhyncha,Indian Spot-billed Duck,Lokhandwala Lake--Mangroves,19.1438,72.8183,11-Jan-2020,https://cdn.download.ams.birds.cornell.edu/api/v1/asset/
331,Anas poecilorhyncha,Indian Spot-billed Duck,Lokhandwala Lake--Mangroves,19.1438,72.8183,11-Jan-2020,https://cdn.download.ams.birds.cornell.edu/api/v1/asset/
332,Anas poecilorhyncha,Indian Spot-billed Duck,"Sudgaon, Maharashtra, IN (21.057, 75.842)",21.0573,75.8418,25-Feb-2020,https://cdn.download.ams.birds.cornell.edu/api/v1/asset/
333,Anas poecilorhyncha,Indian Spot-billed Duck,"Sudgaon, Maharashtra, IN (21.057, 75.842)",21.0573,75.8418,25-Feb-2020,https://cdn.download.ams.birds.cornell.edu/api/v1/asset/
334,Anas poecilorhyncha,Indian Spot-billed Duck,"Sudgaon, Maharashtra, IN (21.057, 75.842)",21.0573,75.8418,25-Feb-2020,https://cdn.download.ams.birds.cornell.edu/api/v1/asset/
335,Anas poecilorhyncha,Indian Spot-billed Duck,"Sudgaon, Maharashtra, IN (21.057, 75.842)",21.0573,75.8418,25-Feb-2020,https://cdn.download.ams.birds.cornell.edu/api/v1/asset/
336,Anas poecilorhyncha,Indian Spot-billed Duck,"Sudgaon, Maharashtra, IN (21.057, 75.842)",21.0573,75.8418,25-Feb-2020,https://cdn.download.ams.birds.cornell.edu/api/v1/asset/
337,Anas poecilorhyncha,Indian Spot-billed Duck,"Sudgaon, Maharashtra, IN (21.057, 75.842)",21.0573,75.8418,25-Feb-2020,https://cdn.download.ams.birds.cornell.edu/api/v1/asset/
338,Anas poecilorhyncha,Indian Spot-billed Duck,"Sudgaon, Maharashtra, IN (21.057, 75.842)",21.0573,75.8418,25-Feb-2020,https://cdn.download.ams.birds.cornell.edu/api/v1/asset/
339,Anas poecilorhyncha,Indian Spot-billed Duck,Korambi Lake,20.6001,79.5824,20-Feb-2019,https://cdn.download.ams.birds.cornell.edu/api/v1/asset/
340,Anas poecilorhyncha,Indian Spot-billed Duck,"Pashan Lake, Pashan, Pune",18.5346,73.7895,2-Feb-2020,https://cdn.download.ams.birds.cornell.edu/api/v1/asset/
341,Anas poecilorhyncha,Indian Spot-billed Duck,Shivnala Lake,20.6894,79.6905,16-Feb-2020,https://cdn.download.ams.birds.cornell.edu/api/v1/asset/
342,Anas poecilorhyncha,Indian Spot-billed Duck,"Kranti Flamingo Point (Bhigwan Bird Watching, Kumbhargaon Bird S",18.2634,74.8042,13-Feb-2020,https://cdn.download.ams.birds.cornell.edu/api/v1/asset/
343,Anas poecilorhyncha,Indian Spot-billed Duck,"kumbhargoan dock, Kumbhargaon, Maharashtra, IN (18.273, 74.796)",18.2726,74.7958,24-Jan-2020,https://cdn.download.ams.birds.cornell.edu/api/v1/asset/
344,Anas poecilorhyncha,Indian Spot-billed Duck,"kumbhargoan dock, Kumbhargaon, Maharashtra, IN (18.273, 74.796)",18.2726,74.7958,24-Jan-2020,https://cdn.download.ams.birds.cornell.edu/api/v1/asset/
345,Anas poecilorhyncha,Indian Spot-billed Duck,"kumbhargoan dock, Kumbhargaon, Maharashtra, IN (18.273, 74.796)",18.2726,74.7958,24-Jan-2020,https://cdn.download.ams.birds.cornell.edu/api/v1/asset/
346,Anas poecilorhyncha,Indian Spot-billed Duck,"kumbhargoan dock, Kumbhargaon, Maharashtra, IN (18.273, 74.796)",18.2726,74.7958,24-Jan-2020,https://cdn.download.ams.birds.cornell.edu/api/v1/asset/
347,Anas poecilorhyncha,Indian Spot-billed Duck,"Upper lake , CME, Pune",18.6063,73.8484,17-Feb-2019,https://cdn.download.ams.birds.cornell.edu/api/v1/asset/
348,Anas poecilorhyncha,Indian Spot-billed Duck,Nandur-Madhyameshwar bird sanctuary,20.0069,74.1189,12-Jan-2020,https://cdn.download.ams.birds.cornell.edu/api/v1/asset/
349,Anas poecilorhyncha,Indian Spot-billed Duck,"Pimpri-Chinchwad, Maharashtra, IN (18.626, 73.812)",18.6264,73.8122,31-Jan-2020,https://cdn.download.ams.birds.cornell.edu/api/v1/asset/
350,Anas poecilorhyncha,Indian Spot-billed Duck,Hatnur Dam (IBA)--Khamkhed,21.057,76.0642,19-Jan-2020,https://cdn.download.ams.birds.cornell.edu/api/v1/asset/
351,Anas poecilorhyncha,Indian Spot-billed Duck,Hatnur Dam (IBA)--Khamkhed,21.057,76.0642,19-Jan-2020,https://cdn.download.ams.birds.cornell.edu/api/v1/asset/
352,Anas poecilorhyncha,Indian Spot-billed Duck,"Shirsoli P.B., Maharashtra, IN (20.933, 75.541)",20.9325,75.5414,13-Jan-2020,https://cdn.download.ams.birds.cornell.edu/api/v1/asset/
353,Anas poecilorhyncha,Indian Spot-billed Duck,Seawoods--Navi Mumbai,19.0101,73.0094,1-Jan-2020,https://cdn.download.ams.birds.cornell.edu/api/v1/asset/
354,Anas poecilorhyncha,Indian Spot-billed Duck,Hatnur Dam (IBA)--Khamkhed,21.057,76.0642,31-Dec-2019,https://cdn.download.ams.birds.cornell.edu/api/v1/asset/
355,Anas poecilorhyncha,Indian Spot-billed Duck,"Pinpal gaon, Highway 188, Fattepur, Maharashtra, IN (20.647, 75.911)",20.6469,75.9107,15-Dec-2019,https://cdn.download.ams.birds.cornell.edu/api/v1/asset/
356,Anas poecilorhyncha,Indian Spot-billed Duck,Mula River -- Baner,18.5648,73.7945,8-Oct-2019,https://cdn.download.ams.birds.cornell.edu/api/v1/asset/
357,Anas poecilorhyncha,Indian Spot-billed Duck,Saatpool,19.2348,73.0742,14-Jan-2018,https://cdn.download.ams.birds.cornell.edu/api/v1/asset/
358,Anas poecilorhyncha,Indian Spot-billed Duck,"Gorewada Lake, Nagpur",21.1973,79.0381,8-Dec-2019,https://cdn.download.ams.birds.cornell.edu/api/v1/asset/
359,Anas poecilorhyncha,Indian Spot-billed Duck,"Gorewada Lake, Nagpur",21.1973,79.0381,8-Dec-2019,https://cdn.download.ams.birds.cornell.edu/api/v1/asset/
360,Anas poecilorhyncha,Indian Spot-billed Duck,Kashyapi Dam,20.0769,73.5998,22-Nov-2018,https://cdn.download.ams.birds.cornell.edu/api/v1/asset/
361,Anas poecilorhyncha,Indian Spot-billed Duck,ARAI Hill,18.5238,73.8148,20-Nov-2019,https://cdn.download.ams.birds.cornell.edu/api/v1/asset/
362,Anas poecilorhyncha,Indian Spot-billed Duck,Kalewadi,18.2332,74.8622,14-Nov-2018,https://cdn.download.ams.birds.cornell.edu/api/v1/asset/
363,Anas poecilorhyncha,Indian Spot-billed Duck,Kalewadi,18.2332,74.8622,14-Nov-2018,https://cdn.download.ams.birds.cornell.edu/api/v1/asset/
364,Anas poecilorhyncha,Indian Spot-billed Duck,Kalewadi,18.2332,74.8622,13-Nov-2018,https://cdn.download.ams.birds.cornell.edu/api/v1/asset/
365,Anas poecilorhyncha,Indian Spot-billed Duck,Mayureshwar WLS,18.3469,74.3656,30-Sep-2019,https://cdn.download.ams.birds.cornell.edu/api/v1/asset/
366,Anas poecilorhyncha,Indian Spot-billed Duck,Mayureshwar WLS,18.3469,74.3656,30-Sep-2019,https://cdn.download.ams.birds.cornell.edu/api/v1/asset/
367,Anas poecilorhyncha,Indian Spot-billed Duck,Mayureshwar WLS,18.3469,74.3656,30-Sep-2019,https://cdn.download.ams.birds.cornell.edu/api/v1/asset/
368,Anas poecilorhyncha,Indian Spot-billed Duck,Mayureshwar WLS,18.3469,74.3656,30-Sep-2019,https://cdn.download.ams.birds.cornell.edu/api/v1/asset/
369,Anas poecilorhyncha,Indian Spot-billed Duck,Bhigwan -- Kumbhargaon Bird Sanctuary,18.2887,74.776,17-Jun-2018,https://cdn.download.ams.birds.cornell.edu/api/v1/asset/
370,Anas poecilorhyncha,Indian Spot-billed Duck,"Upper lake , CME, Pune",18.6063,73.8484,6-Mar-2019,https://cdn.download.ams.birds.cornell.edu/api/v1/asset/
371,Anas poecilorhyncha,Indian Spot-billed Duck,"Umela swamps, Vasai",19.365,72.8224,25-Jun-2019,https://cdn.download.ams.birds.cornell.edu/api/v1/asset/
372,Anas poecilorhyncha,Indian Spot-billed Duck,"Umela swamps, Vasai",19.365,72.8224,25-Jun-2019,https://cdn.download.ams.birds.cornell.edu/api/v1/asset/
373,Anas poecilorhyncha,Indian Spot-billed Duck,"Bhandup Pumping Station, Mumbai",19.1411,72.961,25-May-2019,https://cdn.download.ams.birds.cornell.edu/api/v1/asset/
374,Anas poecilorhyncha,Indian Spot-billed Duck,Moti Talab (Lake),19.8401,75.8656,22-Apr-2019,https://cdn.download.ams.birds.cornell.edu/api/v1/asset/
375,Anas poecilorhyncha,Indian Spot-billed Duck,"(19.167, 73.055) Padle Dombivli",19.167,73.055,12-May-2019,https://cdn.download.ams.birds.cornell.edu/api/v1/asset/
376,Anas poecilorhyncha,Indian Spot-billed Duck,"(19.167, 73.055) Padle Dombivli",19.167,73.055,12-May-2019,https://cdn.download.ams.birds.cornell.edu/api/v1/asset/
377,Anas poecilorhyncha,Indian Spot-billed Duck,"(19.168, 73.115)Palava, Badlapur Pipeline Road, Dombivali, Maharashtra",19.2307,72.8549,12-May-2019,https://cdn.download.ams.birds.cornell.edu/api/v1/asset/
378,Anas poecilorhyncha,Indian Spot-billed Duck,Tapti River--behind BTPS,21.0602,75.8353,16-May-2019,https://cdn.download.ams.birds.cornell.edu/api/v1/asset/
379,Anas poecilorhyncha,Indian Spot-billed Duck,Tapti River--behind BTPS,21.0602,75.8353,16-May-2019,https://cdn.download.ams.birds.cornell.edu/api/v1/asset/
380,Anas poecilorhyncha,Indian Spot-billed Duck,Tapti River--behind BTPS,21.0602,75.8353,16-May-2019,https://cdn.download.ams.birds.cornell.edu/api/v1/asset/
381,Anas poecilorhyncha,Indian Spot-billed Duck,Tapti River--behind BTPS,21.0602,75.8353,16-May-2019,https://cdn.download.ams.birds.cornell.edu/api/v1/asset/
382,Anas poecilorhyncha,Indian Spot-billed Duck,Kolshet Creek,19.2452,72.9979,1-May-2019,https://cdn.download.ams.birds.cornell.edu/api/v1/asset/
383,Anas poecilorhyncha,Indian Spot-billed Duck,"Pashan Lake, Pune",18.5318,73.7854,14-Apr-2019,https://cdn.download.ams.birds.cornell.edu/api/v1/asset/
384,Anas poecilorhyncha,Indian Spot-billed Duck,"kumbhargoan dock, Kumbhargaon, Maharashtra, IN (18.272, 74.795)",18.2724,74.7953,23-Mar-2019,https://cdn.download.ams.birds.cornell.edu/api/v1/asset/
385,Anas poecilorhyncha,Indian Spot-billed Duck,Indian Institute of Technology (IIT) Bombay,19.1279,72.9136,21-Mar-2019,https://cdn.download.ams.birds.cornell.edu/api/v1/asset/
386,Anas poecilorhyncha,Indian Spot-billed Duck,"Salim Ali Lake, Aurangabad",19.8987,75.3436,3-Mar-2019,https://cdn.download.ams.birds.cornell.edu/api/v1/asset/
387,Anas poecilorhyncha,Indian Spot-billed Duck,"Turzon Lake, Mumbai, Maharashtra, IN (19.218, 72.814)",19.2179,72.8141,21-Mar-2019,https://cdn.download.ams.birds.cornell.edu/api/v1/asset/
388,Anas poecilorhyncha,Indian Spot-billed Duck,Satpool Wetlands,19.2353,73.0761,2-Mar-2019,https://cdn.download.ams.birds.cornell.edu/api/v1/asset/
389,Anas poecilorhyncha,Indian Spot-billed Duck,Lokhandwala Lake--Mangroves,19.1438,72.8183,19-Feb-2019,https://cdn.download.ams.birds.cornell.edu/api/v1/asset/
390,Anas poecilorhyncha,Indian Spot-billed Duck,Lokhandwala Lake--Mangroves,19.1438,72.8183,17-Feb-2019,https://cdn.download.ams.birds.cornell.edu/api/v1/asset/
391,Anas poecilorhyncha,Indian Spot-billed Duck,Lokhandwala Lake--Mangroves,19.1438,72.8183,17-Feb-2019,https://cdn.download.ams.birds.cornell.edu/api/v1/asset/
392,Anas poecilorhyncha,Indian Spot-billed Duck,Lokhandwala Lake--Mangroves,19.1438,72.8183,17-Feb-2019,https://cdn.download.ams.birds.cornell.edu/api/v1/asset/
393,Anas poecilorhyncha,Indian Spot-billed Duck,"Tarzon Lake, Charkop",19.2172,72.8138,27-Jan-2019,https://cdn.download.ams.birds.cornell.edu/api/v1/asset/
394,Anas poecilorhyncha,Indian Spot-billed Duck,"Upper lake , CME, Pune",18.6063,73.8484,2-Mar-2019,https://cdn.download.ams.birds.cornell.edu/api/v1/asset/
395,Anas poecilorhyncha,Indian Spot-billed Duck,"Telhara Reservoir, Nagpur",21.0643,79.014,15-Feb-2019,https://cdn.download.ams.birds.cornell.edu/api/v1/asset/
396,Anas poecilorhyncha,Indian Spot-billed Duck,Nandur-Madhyameshwar bird sanctuary,20.0069,74.1189,16-Feb-2019,https://cdn.download.ams.birds.cornell.edu/api/v1/asset/
397,Anas poecilorhyncha,Indian Spot-billed Duck,Bhigwan -- Kumbhargaon Bird Sanctuary,18.2887,74.776,15-Feb-2019,https://cdn.download.ams.birds.cornell.edu/api/v1/asset/
398,Anas poecilorhyncha,Indian Spot-billed Duck,makkah shahi masjid,18.2207,74.8703,25-Sep-2018,https://cdn.download.ams.birds.cornell.edu/api/v1/asset/
399,Anas poecilorhyncha,Indian Spot-billed Duck,makkah shahi masjid,18.2207,74.8703,25-Sep-2018,https://cdn.download.ams.birds.cornell.edu/api/v1/asset/
400,Anas poecilorhyncha,Indian Spot-billed Duck,Indian Institute of Technology (IIT) Bombay,19.1279,72.9136,10-Feb-2019,https://cdn.download.ams.birds.cornell.edu/api/v1/asset/
401,Anas poecilorhyncha,Indian Spot-billed Duck,Indian Institute of Technology (IIT) Bombay,19.1279,72.9136,10-Feb-2019,https://cdn.download.ams.birds.cornell.edu/api/v1/asset/
402,Anas poecilorhyncha,Indian Spot-billed Duck,Dalaj,18.2352,74.8304,1-Sep-2018,https://cdn.download.ams.birds.cornell.edu/api/v1/asset/
403,Anas poecilorhyncha,Indian Spot-billed Duck,Khadakwasla Dam,18.4295,73.758,3-Nov-2018,https://cdn.download.ams.birds.cornell.edu/api/v1/asset/
404,Anas poecilorhyncha,Indian Spot-billed Duck,Khadakwasla Dam,18.4295,73.758,3-Nov-2018,https://cdn.download.ams.birds.cornell.edu/api/v1/asset/
405,Anas poecilorhyncha,Indian Spot-billed Duck,Khadakwasla Dam,18.4295,73.758,3-Nov-2018,https://cdn.download.ams.birds.cornell.edu/api/v1/asset/
406,Anas poecilorhyncha,Indian Spot-billed Duck,Khadakwasla Dam,18.4295,73.758,3-Nov-2018,https://cdn.download.ams.birds.cornell.edu/api/v1/asset/
407,Anas poecilorhyncha,Indian Spot-billed Duck,Khadakwasla Dam,18.4295,73.758,2-Oct-2018,https://cdn.download.ams.birds.cornell.edu/api/v1/asset/
408,Anas poecilorhyncha,Indian Spot-billed Duck,Khadakwasla Dam,18.4295,73.758,25-Jun-2018,https://cdn.download.ams.birds.cornell.edu/api/v1/asset/
409,Anas poecilorhyncha,Indian Spot-billed Duck,Khadakwasla Dam,18.4295,73.758,25-Jun-2018,https://cdn.download.ams.birds.cornell.edu/api/v1/asset/
410,Anas poecilorhyncha,Indian Spot-billed Duck,Khadakwasla Dam,18.4295,73.758,25-Jun-2018,https://cdn.download.ams.birds.cornell.edu/api/v1/asset/
411,Anas poecilorhyncha,Indian Spot-billed Duck,Khadakwasla Dam,18.4295,73.758,29-Nov-2017,https://cdn.download.ams.birds.cornell.edu/api/v1/asset/
412,Anas poecilorhyncha,Indian Spot-billed Duck,Takrarwadi-Madanwadi,18.2844,74.7559,25-Sep-2018,https://cdn.download.ams.birds.cornell.edu/api/v1/asset/
413,Anas poecilorhyncha,Indian Spot-billed Duck,Bhigwan -- Kumbhargaon Bird Sanctuary,18.2887,74.776,3-Feb-2019,https://cdn.download.ams.birds.cornell.edu/api/v1/asset/
414,Anas poecilorhyncha,Indian Spot-billed Duck,"Pashan Lake, Pune",18.5318,73.7854,31-Jan-2019,https://cdn.download.ams.birds.cornell.edu/api/v1/asset/
415,Anas poecilorhyncha,Indian Spot-billed Duck,"Pashan Lake, Pune",18.5318,73.7854,31-Jan-2019,https://cdn.download.ams.birds.cornell.edu/api/v1/asset/
416,Anas poecilorhyncha,Indian Spot-billed Duck,Yashwant Gaurav,19.438,72.8121,2-Feb-2019,https://cdn.download.ams.birds.cornell.edu/api/v1/asset/
417,Anas poecilorhyncha,Indian Spot-billed Duck,Khadakwasla Dam,18.4295,73.758,26-Jan-2019,https://cdn.download.ams.birds.cornell.edu/api/v1/asset/
418,Anas poecilorhyncha,Indian Spot-billed Duck,Khadakwasla Dam,18.4295,73.758,26-Jan-2019,https://cdn.download.ams.birds.cornell.edu/api/v1/asset/
419,Anas poecilorhyncha,Indian Spot-billed Duck,"Powai Lake, Mumbai",19.1208,72.9024,25-Jan-2019,https://cdn.download.ams.birds.cornell.edu/api/v1/asset/
420,Anas poecilorhyncha,Indian Spot-billed Duck,Tarzon lake,19.2183,72.8144,20-Jan-2019,https://cdn.download.ams.birds.cornell.edu/api/v1/asset/
421,Anas poecilorhyncha,Indian Spot-billed Duck,Kavdi Pat,18.5054,74.0006,28-Oct-2017,https://cdn.download.ams.birds.cornell.edu/api/v1/asset/
422,Anas poecilorhyncha,Indian Spot-billed Duck,Takrarwadi-Madanwadi,18.2844,74.7559,11-Nov-2017,https://cdn.download.ams.birds.cornell.edu/api/v1/asset/
423,Anas poecilorhyncha,Indian Spot-billed Duck,"Kasarsai Dam, Pune",18.6193,73.6603,16-Jan-2019,https://cdn.download.ams.birds.cornell.edu/api/v1/asset/
424,Anas poecilorhyncha,Indian Spot-billed Duck,"Turzon Hill Lake, Charkop, Mumbai",19.2183,72.8142,16-Jan-2019,https://cdn.download.ams.birds.cornell.edu/api/v1/asset/
425,Anas poecilorhyncha,Indian Spot-billed Duck,"Turzon Hill Lake, Charkop, Mumbai",19.2183,72.8142,16-Jan-2019,https://cdn.download.ams.birds.cornell.edu/api/v1/asset/
426,Anas poecilorhyncha,Indian Spot-billed Duck,Lokhandwala Lake--Mangroves,19.1438,72.8183,9-Jan-2019,https://cdn.download.ams.birds.cornell.edu/api/v1/asset/
427,Anas poecilorhyncha,Indian Spot-billed Duck,Lokhandwala Lake--Mangroves,19.1438,72.8183,9-Jan-2019,https://cdn.download.ams.birds.cornell.edu/api/v1/asset/
428,Anas poecilorhyncha,Indian Spot-billed Duck,Bhigwan -- Kumbhargaon Bird Sanctuary,18.2887,74.776,21-Dec-2018,https://cdn.download.ams.birds.cornell.edu/api/v1/asset/
429,Anas poecilorhyncha,Indian Spot-billed Duck,"RSC-5 Inner Road (Turzon Point), Mumbai, Maharashtra, IN (19.217, 72.814)",19.2166,72.8144,13-Jan-2019,https://cdn.download.ams.birds.cornell.edu/api/v1/asset/
430,Anas poecilorhyncha,Indian Spot-billed Duck,"Mumbai, Maharashtra, IN (19.219, 72.815)",19.219,72.8153,4-Jan-2019,https://cdn.download.ams.birds.cornell.edu/api/v1/asset/
431,Anas poecilorhyncha,Indian Spot-billed Duck,"Mumbai, Maharashtra, IN (19.219, 72.815)",19.219,72.8153,4-Jan-2019,https://cdn.download.ams.birds.cornell.edu/api/v1/asset/
432,Anas poecilorhyncha,Indian Spot-billed Duck,"Mumbai, Maharashtra, IN (19.219, 72.815)",19.219,72.8153,4-Jan-2019,https://cdn.download.ams.birds.cornell.edu/api/v1/asset/
433,Anas poecilorhyncha,Indian Spot-billed Duck,"(19.145, 72.962)",19.145,72.9623,15-Dec-2018,https://cdn.download.ams.birds.cornell.edu/api/v1/asset/
434,Anas poecilorhyncha,Indian Spot-billed Duck,"Mehrun LakeJalgaon, Maharashtra, IN (20.983, 75.561)",20.9826,75.5615,30-Dec-2018,https://cdn.download.ams.birds.cornell.edu/api/v1/asset/
435,Anas poecilorhyncha,Indian Spot-billed Duck,Tadoba NP,20.2484,79.3607,2-Apr-2017,https://cdn.download.ams.birds.cornell.edu/api/v1/asset/
436,Anas poecilorhyncha,Indian Spot-billed Duck,Thakabai Lake,20.3131,79.6907,25-Dec-2018,https://cdn.download.ams.birds.cornell.edu/api/v1/asset/
437,Anas poecilorhyncha,Indian Spot-billed Duck,Thakabai Lake,20.3131,79.6907,25-Dec-2018,https://cdn.download.ams.birds.cornell.edu/api/v1/asset/
438,Anas poecilorhyncha,Indian Spot-billed Duck,Khadakwasla Dam,18.4295,73.758,21-Dec-2018,https://cdn.download.ams.birds.cornell.edu/api/v1/asset/
439,Anas poecilorhyncha,Indian Spot-billed Duck,"Sector 60 Road, Navi Mumbai IN-Maharashtra (19.0102,73.0094)",19.0102,73.0094,21-Oct-2018,https://cdn.download.ams.birds.cornell.edu/api/v1/asset/
440,Anas poecilorhyncha,Indian Spot-billed Duck,"Pashan Lake, Pune",18.5318,73.7854,9-Dec-2018,https://cdn.download.ams.birds.cornell.edu/api/v1/asset/
441,Anas poecilorhyncha,Indian Spot-billed Duck,"Mehrun Lake Jalgaon, Maharashtra, IN (20.978, 75.562)",20.9775,75.5623,3-Dec-2018,https://cdn.download.ams.birds.cornell.edu/api/v1/asset/
442,Anas poecilorhyncha,Indian Spot-billed Duck,"Mehrun Lake Jalgaon, Maharashtra, IN (20.978, 75.562)",20.9775,75.5623,21-Nov-2018,https://cdn.download.ams.birds.cornell.edu/api/v1/asset/
443,Anas poecilorhyncha,Indian Spot-billed Duck,"Bhandup Pumping Station, Mumbai",19.1411,72.961,17-Nov-2018,https://cdn.download.ams.birds.cornell.edu/api/v1/asset/
444,Anas poecilorhyncha,Indian Spot-billed Duck,"Bhandup Pumping Station, Mumbai",19.1411,72.961,20-Oct-2018,https://cdn.download.ams.birds.cornell.edu/api/v1/asset/
445,Anas poecilorhyncha,Indian Spot-billed Duck,Seawoods--Navi Mumbai,19.0101,73.0094,21-Oct-2018,https://cdn.download.ams.birds.cornell.edu/api/v1/asset/
446,Anas poecilorhyncha,Indian Spot-billed Duck,Seawoods--Navi Mumbai,19.0101,73.0094,21-Oct-2018,https://cdn.download.ams.birds.cornell.edu/api/v1/asset/
447,Anas poecilorhyncha,Indian Spot-billed Duck,Seawoods--Navi Mumbai,19.0101,73.0094,21-Oct-2018,https://cdn.download.ams.birds.cornell.edu/api/v1/asset/
448,Anas poecilorhyncha,Indian Spot-billed Duck,"Mapgaon, Maharashtra, IN (18.724, 72.903)",18.7243,72.903,11-Feb-2018,https://cdn.download.ams.birds.cornell.edu/api/v1/asset/
449,Anas poecilorhyncha,Indian Spot-billed Duck,"Ambazari Lake, Nagpur",21.1292,79.0329,10-Sep-2018,https://cdn.download.ams.birds.cornell.edu/api/v1/asset/
450,Anas poecilorhyncha,Indian Spot-billed Duck,"Pashan Lake, Pune",18.5318,73.7854,22-Sep-2018,https://cdn.download.ams.birds.cornell.edu/api/v1/asset/
451,Anas poecilorhyncha,Indian Spot-billed Duck,"Mihan, Nagpur",21.0773,79.0461,21-Jul-2018,https://cdn.download.ams.birds.cornell.edu/api/v1/asset/
452,Anas poecilorhyncha,Indian Spot-billed Duck,Kopar Wetlands- Juni Dombivli - Ganesh Ghat,19.2191,73.0704,23-Jun-2018,https://cdn.download.ams.birds.cornell.edu/api/v1/asset/
453,Anas poecilorhyncha,Indian Spot-billed Duck,"Maharashtra, IN (21.084, 75.972)",21.0837,75.9719,1-Jun-2018,https://cdn.download.ams.birds.cornell.edu/api/v1/asset/
454,Anas poecilorhyncha,Spot Billed Duck,Solapur,17.6599,75.9064,13-Dec-2019,https://pbs.twimg.com/media/EJ60FR0XUAQfVLx?format=jpg&name=900x900
455,Anas poecilorhyncha,Spot Billed Duck,Solapur,17.6599,75.9064,13-Dec-2019,https://pbs.twimg.com/media/EfMDBpJVoAALOUG?format=jpg&name=900x900
456,Anas poecilorhyncha,Spot Billed Duck,Solapur,17.6599,75.9064,13-Dec-2019,https://pbs.twimg.com/media/DewM-JTW4AEHSdO?format=jpg&name=small
457,Anas poecilorhyncha,Spot Billed Duck,"Chandrabhaga river, Pandharpur",17.6806,75.3155,3-Feb-2019,https://pbs.twimg.com/media/EbcF3rCXQAAq6bC?format=jpg&name=900x900
458,Anas poecilorhyncha,Spot Billed Duck,Solapur,17.6599,75.9064,13-Dec-2019,https://pbs.twimg.com/media/EgUGfDOU8AU6C2j?format=jpg&name=900x900
459,Anas poecilorhyncha,Spot Billed Duck,"Chapadgaon, Nandur Madhaneshvar Nasik",18.5522,75.1604,7-Mar-2019,https://pbs.twimg.com/media/ENGlEvoWsAAKY1f?format=jpg&name=900x900
460,Anas poecilorhyncha,Spot Billed Duck,Solapur,17.6599,75.9064,14-Dec-2019,https://pbs.twimg.com/media/EdLQaEKXgAAx8vj?format=jpg&name=900x900
461,Anas poecilorhyncha,Indian Spot-billed Duck,"Mumbai Suburban, IN-MH, IN",19.07283,72.88261,20-May-2015,https://static.inaturalist.org/photos/1877101/medium.JPG?1432112485
462,Anas poecilorhyncha,Indian Spot-billed Duck,"Pune, IN-MH, IN",18.51957,73.85535,28-May-2015,https://static.inaturalist.org/photos/1926044/medium.jpg?1432803446
463,Anas poecilorhyncha,Indian Spot-billed Duck,"Pune, IN-MH, IN",18.51957,73.85535,28-May-2015,https://static.inaturalist.org/photos/1926050/medium.jpg?1432803787
464,Anas poecilorhyncha,Indian Spot-billed Duck,"Thane, IN-MH, IN",19.21667,73.08333,29-May-2015,https://static.inaturalist.org/photos/1930425/medium.JPG?1432867201
465,Anas poecilorhyncha,Indian Spot-billed Duck,"Thane, IN-MH, IN",19.21667,73.08333,29-May-2015,https://static.inaturalist.org/photos/1930462/medium.JPG?1432867608
466,Anas poecilorhyncha,Indian Spot-billed Duck,Nira,18.104543,74.208669,21-Jul-2015,https://static.inaturalist.org/photos/2162298/medium.JPG?1437481359
467,Anas poecilorhyncha,Indian Spot-billed Duck,Bhandup Pumping Station -Bhandup -Mumbai City Disrict,19.207429,72.828369,1-Feb-2016,https://static.inaturalist.org/photos/2837161/medium.jpg?1451748663
468,Anas poecilorhyncha,Indian Spot-billed Duck,"Khadakwasla Dam, Maharashtra, India",18.4422936,73.7670914,30-Aug-2016,https://static.inaturalist.org/photos/4715488/medium.jpeg?1472538101
469,Anas poecilorhyncha,Indian Spot-billed Duck,"Walwan, Maharashtra 415308, India",17.36215,74.725456,13-Apr-2018,https://static.inaturalist.org/photos/7024108/medium.jpg?1492066685
470,Anas poecilorhyncha,Indian Spot-billed Duck,"Paud Gaon, Mulshi Road, Pune, Maharashtra 412108, India",18.5294881,73.6179246,28-Jan-2018,https://static.inaturalist.org/photos/13169643/medium.jpeg?1517150677
472,Anas poecilorhyncha,Indian Spot-billed Duck,"Pune, Maharashtra, India",18.5204303,73.8567437,9-Dec-2018,https://static.inaturalist.org/photos/24762212/medium.jpg?1536768979
476,Anas poecilorhyncha,Indian Spot-billed Duck,"Pune, IN-MH, IN",18.57153981,73.83025115,25-Jan-2019,https://static.inaturalist.org/photos/30629911/medium.jpg?1548442259
477,Anas poecilorhyncha,Indian Spot-billed Duck,"Nashik, Maharashtra, India",20.00794237,74.10474291,2-Jan-2019,https://static.inaturalist.org/photos/30877608/medium.jpeg?1549005535
478,Anas poecilorhyncha,Indian Spot-billed Duck,"Nandur Madhameshwar, Nashik, Maharashtra, India",20.00819,74.10576667,19-Apr-2019,https://static.inaturalist.org/photos/35159399/medium.jpeg?1555644628
479,Anas poecilorhyncha,Indian Spot-billed Duck,"Nandur Madhameshwar, Nashik, Maharashtra, India",20.008115,74.10578833,19-Apr-2019,https://static.inaturalist.org/photos/35159457/medium.jpeg?1555644674
480,Anas poecilorhyncha,Indian Spot-billed Duck,"Nandur Madhameshwar, Nashik, Maharashtra, India",20.00806667,74.10580167,23-Apr-2019,https://static.inaturalist.org/photos/35600158/medium.jpeg?1556058265
481,Anas poecilorhyncha,Indian Spot-billed Duck,"Nandur Madhameshwar, Nashik, Maharashtra, India",20.00809,74.10570167,23-Apr-2019,https://static.inaturalist.org/photos/35600204/medium.jpeg?1556058293
482,Anas poecilorhyncha,Indian Spot-billed Duck,"Nandur Madhameshwar, Nashik, Maharashtra, India",20.00808833,74.10589,23Apr-2019,https://static.inaturalist.org/photos/35604724/medium.jpeg?1556061500
483,Anas poecilorhyncha,Indian Spot-billed Duck,"Pimple Nilakh, Pimpri-Chinchwad, Maharashtra, India",18.5790232,73.7859912,5-Jul-2019,https://static.inaturalist.org/photos/38230918/medium.jpeg?1557226063
484,Anas poecilorhyncha,Indian Spot-billed Duck,"Nandur Madhameshwar, Nashik, Maharashtra, India",20.00884065,74.13229046,5-Jul-2019,https://static.inaturalist.org/photos/38284970/medium.jpeg?1557270022
485,Anas poecilorhyncha,Indian Spot-billed Duck,"Nandur Madhameshwar, Nashik, Maharashtra, India",20.00873668,74.1321669,5-Jul-2019,https://static.inaturalist.org/photos/38285382/medium.jpeg?1557270326
486,Anas poecilorhyncha,Indian Spot-billed Duck,"Betwade Gaon, Thane, Maharashtra 400612, India",19.1952752,73.0698015,26-May-2019,https://static.inaturalist.org/photos/40024593/medium.jpg?1558889117
487,Anas poecilorhyncha,Indian Spot-billed Duck,"Mulund East, Mumbai, Maharashtra, IN",19.13964182,72.95722593,24-Jun-2019,https://static.inaturalist.org/photos/42862057/medium.jpg?1561336313
488,Anas poecilorhyncha,Indian Spot-billed Duck,"Mulund East, Mumbai, Maharashtra 400042, India",19.1419038,72.9646254,25-Aug-2019,https://static.inaturalist.org/photos/46066141/medium.jpg?1564068634
489,Anas poecilorhyncha,Indian Spot-billed Duck,"Mulund East, Mumbai, Maharashtra 400042, India",19.1419038,72.9646254,8-Sep-2019,https://static.inaturalist.org/photos/47621616/medium.jpeg?1565359378
490,Anas poecilorhyncha,Indian Spot-billed Duck,"Mulund East, Mumbai, Maharashtra 400042, India",19.1419038,72.9646254,25-Sep-2019,https://static.inaturalist.org/photos/49263540/medium.jpeg?1566745312
491,Anas poecilorhyncha,Indian Spot-billed Duck,"Mulund East, Mumbai, Maharashtra 400042, India",19.1419038,72.9646254,25-Sep-2019,https://static.inaturalist.org/photos/49268544/medium.jpeg?1566747599
492,Anas poecilorhyncha,Indian Spot-billed Duck,"Kalambe Turf Thane, Maharashtra, India",16.65232879,74.21200629,2-Aug-2019,https://static.inaturalist.org/photos/61047173/medium.jpeg?1581141106
493,Anas poecilorhyncha,Indian Spot-billed Duck,kranti Flemingo point,18.263404,74.804213,16-Mar-2020,https://static.inaturalist.org/photos/63632976/medium.jpg?1584331490
494,Anas poecilorhyncha,Indian Spot-billed Duck,"Pune, IN-MH, IN",18.4880706,73.74166637,19-Apr-2020,https://static.inaturalist.org/photos/67584460/medium.jpeg?1587299156
495,Anas poecilorhyncha,Indian Spot-billed Duck,"Uran, Navi Mumbai, Maharashtra, India",18.8772346,72.9283391,5-Jan-2020,https://static.inaturalist.org/photos/70480262/medium.jpg?1588317111
496,Anas poecilorhyncha,Indian Spot-billed Duck,Vetal Tekdi,18.52548987,73.81538451,5-Apr-2020,https://static.inaturalist.org/photos/71094706/medium.jpeg?1588568230
497,Anas poecilorhyncha,Indian Spot-billed Duck,"Kavadipath, Pune, Mh",18.492121,74.000673,5-Sep-2020,https://static.inaturalist.org/photos/71896448/medium.jpg?1589007144
498,Anas poecilorhyncha,Indian Spot-billed Duck,Pashan Lake,18.53439696,73.78529213,21-May-2020,https://static.inaturalist.org/photos/74041512/medium.jpeg?1590030946
499,Anas poecilorhyncha,Indian Spot-billed Duck,"Vanpuri, Pune, Maharashtra, India",18.37387469,74.07006154,6-May-2020,https://static.inaturalist.org/photos/77053570/medium.jpg?1591377582
500,Anas poecilorhyncha,Indian Spot-billed Duck,"Rajewadi, Maharashtra 412104, India",18.39146079,74.16687855,6-May-2020,https://static.inaturalist.org/photos/77054027/medium.jpg?1591377764
501,Anas poecilorhyncha,Indian Spot-billed Duck,"Pune, Maharashtra, India",18.50595689,73.99659564,6-Aug-2020,https://static.inaturalist.org/photos/77634195/medium.jpg?1591628681
502,Anas poecilorhyncha,Indian Spot-billed Duck,"Naigaon, Maharashtra, India",21.13048112,76.06188376,27-Jun-2020,https://static.inaturalist.org/photos/81087235/medium.jpeg?1593219715
503,Anas poecilorhyncha,Indian Spot-billed Duck,"Gokhalenagar, Pune, Maharashtra, India",18.52977534,73.81753465,28-Jun-2020,https://static.inaturalist.org/photos/81363272/medium.jpeg?1593349901
504,Anas poecilorhyncha,Indian Spot-billed Duck,"Pune, Maharashtra, India",18.34654806,74.36848639,7-Jul-2020,https://static.inaturalist.org/photos/83042576/medium.jpeg?1594121506
505,Anas poecilorhyncha,Indian Spot-billed Duck,"Adventure Plus, Bhor, Maharashtra, India",18.15822298,73.86200433,7-Nov-2020,https://static.inaturalist.org/photos/83732928/medium.jpg?1594466525
506,Anas poecilorhyncha,Indian Spot-billed Duck,"Rajewadi, Maharashtra 412104, India",18.3882669,74.1533563,7-Dec-2020,https://static.inaturalist.org/photos/84001024/medium.jpeg?1594575058
507,Anas poecilorhyncha,Indian Spot-billed Duck,"Solapur, Maharashtra, India",18.28272639,74.79836306,16-Jul-2020,https://static.inaturalist.org/photos/84646102/medium.jpeg?1594872287
508,Anas poecilorhyncha,Indian Spot-billed Duck,"Khadakwasla, Pune, Maharashtra, India",18.44690019,73.78524617,16-Jul-2020,https://static.inaturalist.org/photos/84656643/medium.jpeg?1594880770
509,Anas poecilorhyncha,Indian Spot-billed Duck,"Kusgaon P.m., Maharashtra, India",18.62375139,73.663815,17-Jul-2020,https://static.inaturalist.org/photos/84814040/medium.jpeg?1594955553
510,Anas poecilorhyncha,Indian Spot-billed Duck,"Pune, Maharashtra, India",18.24477833,74.80008167,18-Jul-2020,https://static.inaturalist.org/photos/85018133/medium.jpeg?1595064451
511,Anas poecilorhyncha,Indian Spot-billed Duck,"Kumbhargaon, Maharashtra, India",18.27561667,74.78417667,18-Jul-2020,https://static.inaturalist.org/photos/85048823/medium.jpeg?1595080987
512,Anas poecilorhyncha,Indian Spot-billed Duck,"Gorhe Bk., Maharashtra 411025, India",18.426425,73.76272833,19-Jul-2020,https://static.inaturalist.org/photos/85227448/medium.jpeg?1595155833
513,Anas poecilorhyncha,Indian Spot-billed Duck,"Pune, Maharashtra, India",18.39187167,73.68082833,19-Jul-2020,https://static.inaturalist.org/photos/85227818/medium.jpeg?1595156070
514,Anas poecilorhyncha,Indian Spot-billed Duck,"Pune, Maharashtra, India",18.24395667,74.79867333,19-Jul-2020,https://static.inaturalist.org/photos/85229107/medium.jpeg?1595156855
515,Anas poecilorhyncha,Indian Spot-billed Duck,"Dalaj No.1, Maharashtra, India",18.24256333,74.80809,20-Jul-2020,https://static.inaturalist.org/photos/85439018/medium.jpeg?1595240653
516,Anas poecilorhyncha,Indian Spot-billed Duck,"Girinagar, Maharashtra 411025, India",18.42614306,73.76304,22-Jul-2020,https://static.inaturalist.org/photos/85797093/medium.jpeg?1595414979
517,Anas poecilorhyncha,Indian Spot-billed Duck,"Kumbhargaon, Maharashtra 413132, India",18.2789182,74.7802955,23-Jul-2020,https://static.inaturalist.org/photos/85968667/medium.jpeg?1595502126
518,Anas poecilorhyncha,Indian Spot-billed Duck,"Kumbhargaon, Maharashtra, India",18.27892045,74.78028774,23-Jul-2020,https://static.inaturalist.org/photos/85968670/medium.jpeg?1595502128
519,Anas poecilorhyncha,Indian Spot-billed Duck,"Pune, Maharashtra, India",18.24204139,74.79617306,24-Jul-2020,https://static.inaturalist.org/photos/86156953/medium.jpeg?1595598462
520,Anas poecilorhyncha,Indian Spot-billed Duck,"Kalewadi, Maharashtra, India",18.22106139,74.86729306,25-Jul-2020,https://static.inaturalist.org/photos/86312297/medium.jpeg?1595670753
521,Anas poecilorhyncha,Indian Spot-billed Duck,"Pune, Maharashtra, India",18.28122639,74.75614472,25-Jul-2020,https://static.inaturalist.org/photos/86316297/medium.jpeg?1595673547
522,Anas poecilorhyncha,Indian Spot-billed Duck,"Dalaj No.1, Maharashtra, India",18.24910972,74.79860139,25-Jul-2020,https://static.inaturalist.org/photos/86317183/medium.jpeg?1595674047
523,Anas poecilorhyncha,Indian Spot-billed Duck,"Solapur, Maharashtra, India",18.27504,74.81020806,28-Jul-2020,https://static.inaturalist.org/photos/86896223/medium.jpeg?1595916794
524,Anas poecilorhyncha,Indian Spot-billed Duck,"Solapur, Maharashtra, India",18.27543639,74.80803639,28-Jul-2020,https://static.inaturalist.org/photos/86909437/medium.jpeg?1595929959
525,Anas poecilorhyncha,Indian Spot-billed Duck,"Girinagar, Maharashtra 411025, India",18.42605306,73.76334806,28-Jul-2020,https://static.inaturalist.org/photos/86910269/medium.jpeg?1595930626
526,Anas poecilorhyncha,Indian Spot-billed Duck,"Pune, Maharashtra, India",18.28028472,74.756275,8-Jan-2020,https://static.inaturalist.org/photos/87569118/medium.jpeg?1596267526
527,Anas poecilorhyncha,Indian Spot-billed Duck,"Girinagar, Maharashtra 411025, India",18.42614,73.763085,8-Jan-2020,https://static.inaturalist.org/photos/87569484/medium.jpeg?1596267926
528,Anas poecilorhyncha,Indian Spot-billed Duck,"Pune, Maharashtra, India",18.50522306,73.99963806,8-Mar-2020,https://static.inaturalist.org/photos/87956677/medium.jpeg?1596429386
529,Anas poecilorhyncha,Indian Spot-billed Duck,"Kumbhargaon, Maharashtra 413132, India",18.2789182,74.7802955,8-Jun-2020,https://static.inaturalist.org/photos/88519758/medium.jpeg?1596711124
530,Anas poecilorhyncha,Indian Spot-billed Duck,"Kumbhargaon, Maharashtra 413132, India",18.2789182,74.7802955,8-Jun-2020,https://static.inaturalist.org/photos/88535588/medium.jpeg?1596720776
531,Anas poecilorhyncha,Indian Spot-billed Duck,"Kumbhargaon, Maharashtra 413132, India",18.2789182,74.7802955,8-Jul-2020,https://static.inaturalist.org/photos/88675810/medium.jpeg?1596785073
532,Anas poecilorhyncha,Indian Spot-billed Duck,"Kumbhargaon, Maharashtra 413132, India",18.2789182,74.7802955,8-Jul-2020,https://static.inaturalist.org/photos/88683011/medium.jpeg?1596792687
533,Anas poecilorhyncha,Indian Spot-billed Duck,"Kumbhargaon, Maharashtra 413132, India",18.2789182,74.7802955,8-Jul-2020,https://static.inaturalist.org/photos/88683034/medium.jpeg?1596792713
534,Anas poecilorhyncha,Indian Spot-billed Duck,"Mulund - Airoli Bridge Road, Mulund East, Mumbai, Maharashtra 400081, India",19.154546,72.958065,8-Jul-2020,https://static.inaturalist.org/photos/88683542/medium.jpeg?1596793317
535,Anas poecilorhyncha,Indian Spot-billed Duck,"Solapur - Pune Hwy, Bhigwan, Maharashtra 413130, India",18.2915827,74.77408,8-Aug-2020,https://static.inaturalist.org/photos/88849695/medium.jpeg?1596886919
536,Anas poecilorhyncha,Indian Spot-billed Duck,"Solapur - Pune Hwy, Bhigwan, Maharashtra 413130, India",18.2915827,74.77408,8-Aug-2020,https://static.inaturalist.org/photos/88849725/medium.jpeg?1596886939
537,Anas poecilorhyncha,Indian Spot-billed Duck,"Kumbhargaon, Maharashtra 413132, India",18.2789182,74.7802955,8-Sep-2020,https://static.inaturalist.org/photos/89049554/medium.jpeg?1596977484
538,Anas poecilorhyncha,Indian Spot-billed Duck,"Kumbhargaon, Maharashtra 413132, India",18.2789182,74.7802955,8-Sep-2020,https://static.inaturalist.org/photos/89049577/medium.jpeg?1596977494
539,Anas poecilorhyncha,Indian Spot-billed Duck,"Kumbhargaon, Maharashtra 413132, India",18.2789182,74.7802955,8-Sep-2020,https://static.inaturalist.org/photos/89049676/medium.jpeg?1596977530
540,Anas poecilorhyncha,Indian Spot-billed Duck,"Kumbhargaon, Maharashtra 413132, India",18.2789182,74.7802955,8-Sep-2020,https://static.inaturalist.org/photos/89049746/medium.jpeg?1596977555
541,Anas poecilorhyncha,Indian Spot-billed Duck,"Mulund East, Mumbai, Maharashtra 400042, India",19.1419055,72.9646284,8-Nov-2020,https://static.inaturalist.org/photos/89401635/medium.jpg?1597146478
542,Anas poecilorhyncha,Indian Spot-billed Duck,"Mulund East, Mumbai, Maharashtra, India",19.14192483,72.96462536,13-Aug-2020,https://static.inaturalist.org/photos/89710516/medium.jpg?1597304375
543,Anas poecilorhyncha,Indian Spot-billed Duck,"Lokhandwala Lake, Andheri West, Mumbai, Maharashtra 400047",19.1443969,72.8179441,31-Aug-2020,https://static.inaturalist.org/photos/92809919/medium.jpg?1598884566
544,Anas poecilorhyncha,Indian Spot-billed Duck,Baramati Midc,18.17943809,74.60512575,9-Jul-2020,https://static.inaturalist.org/photos/93926806/medium.jpeg?1599463498